Workbook

Sheet Info
D1: დანართი 1
B2: მზღვეველის ფინანსური ანგარიშგების ფორმები
B4: ზოგადი ინფორმაცია მზღვეველის შესახებ
B6: 1 | C6: მზღვეველის სრული დასახელება
B7: 2 | C7: საანგარიშო პერიოდი
B8: 3 | C8: ორგანიზაციის სამეთვალყურეო საბჭოს თავმჯდომარე
B9: 4 | C9: ორგანიზაციის გენერალური დირექტორი (დირექტორი)
B10: 5 | C10: ორგანიზაციის მთავარი ბუღალტერი
B11: 6 | C11: ორგანიზაციის მისამართი
B12: 7 | C12: ორგანიზაციის ტელეფონი
B13: 8 | C13: ორგანიზაციის ფაქსი
B14: 9 | C14: ორგანიზაციის ელექტრონული ფოსტის მისამართი
B15: 10 | C15: ორგანიზაციის ვებ - გვერდი
B16: 11 | C16: ორგანიზაციის ფილიალების რაოდენობა
B17: 12 | C17: ორგანიზაციის თანამშრომელთა რაოდენობა | D17: =SUM(D18:D20) -> 0
B18: 12.1 | C18: სათავოს მიხედვით
B19: 12.2 | C19: ფილიალების მიხედვით
B20: 12.3 | C20: სხვა თანამშრომლები
B21: 13 | C21: ორგანიზაციის გასული წლის გარე აუდიტორი
B22: 14 | C22: ანგარიშგებაზე პასუხისმგებელი პირი
B23: 15 | C23: ანგარიშგებაზე პასუხისმგებელი პირის ტელეფონის ნომერი
B24: 16 | C24: ანგარიშგებაზე პასუხისმგებელი პირის ელექტრონული ფოსტა

Sheet BS
B1: მზღვეველი: | E1: ფორმა N1
B2: ანგარიშგების თარიღი:
C4: ფინანსური მდგომარეობის ანგარიშგება (საბალანსო უწყისი)
E5: ლარებში
B6: სტრიქონის კოდი | C6: N | E6: საანგარიშო პერიოდი | F6: გასული წლის შესაბამისი პერიოდი
C8: აქტივები
B9: 00010 | C9: 1 | D9: - ფულადი სახსრები და მათი ექვივალენტები | E9: ='BS-C'!E27 -> 0 | F9: ='BS-C'!F27 -> 0
B10: 00020 | C10: 2 | D10: - მოთხოვნები საკრედიტო დაწესებულებების მიმართ | E10: ='BS-D'!E1034 -> 0 | F10: ='BS-D'!F1034 -> 0
B11: 00030 | C11: 3 | D11: - გასაყიდად არსებული ფინანსური აქტივები | E11: ='BS-FA '!E93 -> 0 | F11: ='BS-FA '!F93 -> 0
B12: 00040 | C12: 4 | D12: - დაფარვის ვადამდე მფლობელობაში არსებული ფინანსური აქტივები | E12: ='BS-FA '!E436 -> 0 | F12: ='BS-FA '!F436 -> 0
B13: 00050 | C13: 5 | D13: - რეალური ღირებულებით აღრიცხული ფინანსური აქტივები, მოგებაში ან ზარალში ასახვით | E13: ='BS-FA '!E779 -> 0 | F13: ='BS-FA '!F779 -> 0
B14: 00060 | C14: 6 | D14: - სადაზღვევო მოთხოვნები, წმინდა | E14: ='BS-IR & RR'!E19 -> 0 | F14: ='BS-IR & RR'!F19 -> 0
B15: 00070 | C15: 7 | D15: - გადაზღვევის მოთხოვნები, წმინდა | E15: ='BS-IR & RR'!E35 -> 0 | F15: ='BS-IR & RR'!F35 -> 0
B16: 00080 | C16: 8 | D16: - მოთხოვნები გადარჩენილი ქონებიდან
B17: 00090 | C17: 9 | D17: - გაცემული სესხები, წმინდა | E17: ='BS-L'!K722 -> 0 | F17: ='BS-L'!R722 -> 0
B18: 00100 | C18: 10 | D18: - ინვესტიციები მეკავშირე კომპანიებში | E18: ='BS-I'!E476 -> 0 | F18: ='BS-I'!F476 -> 0
B19: 00110 | C19: 11 | D19: - ინვესტიციები შვილობილ კომპანიებში | E19: ='BS-I'!E946 -> 0 | F19: ='BS-I'!F946 -> 0
B20: 00120 | C20: 12 | D20: - გადამზღვევლის წილი სადაზღვევო რეზერვებში | E20: ='BS-R'!E18+'BS-R'!E38 -> 0 | F20: ='BS-R'!F18+'BS-R'!F38 -> 0
B21: 00130 | C21: 13 | D21: - გადავადებული საკომისიო ხარჯი | E21: ='BS-DC'!E13+'BS-DC'!E24 -> 0 | F21: ='BS-DC'!F13+'BS-DC'!F24 -> 0
B22: 00140 | C22: 14 | D22: - ძირითადი საშუალებები, წმინდა | E22: ='BS-PPE'!L18 -> 0
B23: 00150 | C23: 15 | D23: - საინვესტიციო ქონება | E23: ='BS-IP & OA'!E73 -> 0 | F23: ='BS-IP & OA'!F73 -> 0
B24: 00160 | C24: 16 | D24: - გუდვილი და სხვა არამატერიალური აქტივები, წმინდა | E24: ='BS-IA'!I19 -> 0
B25: 00170 | C25: 17 | D25: - გადავადებული საგადასახადო აქტივი
B26: 00180 | C26: 18 | D26: - სხვა აქტივები | E26: ='BS-IP & OA'!E92 -> 0 | F26: ='BS-IP & OA'!F92 -> 0
B27: 00190 | C27: 19 | D27: სულ აქტივები: | E27: =SUM(E9:E26) -> 0 | F27: =SUM(F9:F26) -> 0
C29: ვალდებულებები
B30: 00200 | C30: 20 | D30: - სადაზღვევო რეზერვები, ბრუტო | E30: ='BS-R'!E13+'BS-R'!E32 -> 0 | F30: ='BS-R'!F13+'BS-R'!F32 -> 0
B31: 00210 | C31: 21 | D31: - სხვა სადაზღვევო ვალდებულებები | E31: ='BS-OIL & OL'!E15 -> 0 | F31: ='BS-OIL & OL'!F15 -> 0
B32: 00220 | C32: 22 | D32: - ვალდებულებები რეგრესიდან და გადარჩენილი ქონებიდან
B33: 00230 | C33: 23 | D33: - ფინანსური ვალდებულებები | E33: ='BS-FL'!I286 -> 0 | F33: ='BS-FL'!N286 -> 0
B34: 00240 | C34: 24 | D34: - საპენსიო ვალდებულებები | E34: ='BS-PL'!E22+'BS-PL'!E27 -> 0 | F34: ='BS-PL'!F22+'BS-PL'!F27 -> 0
B35: 00250 | C35: 25 | D35: - ვალდებულებები მეკავშირე კომპანიებთან | E35: ='BS-LA'!E328 -> 0 | F35: ='BS-LA'!F328 -> 0
B36: 00260 | C36: 26 | D36: - ვალდებულებები შვილობილ კომპანიებთან | E36: ='BS-LA'!E650 -> 0 | F36: ='BS-LA'!F650 -> 0
B37: 00270 | C37: 27 | D37: - გადავადებული საკომისიო შემოსავალი | E37: ='BS-DC'!E17+'BS-DC'!E28 -> 0 | F37: ='BS-DC'!F17+'BS-DC'!F28 -> 0
B38: 00280 | C38: 28 | D38: - გადავადებული საგადასახადო ვალდებულება
B39: 00290 | C39: 29 | D39: - სხვა ვალდებულებები | E39: ='BS-OIL & OL'!E30 -> 0 | F39: ='BS-OIL & OL'!F30 -> 0
B40: 00300 | C40: 30 | D40: სულ ვალდებულებები: | E40: =SUM(E30:E39) -> 0 | F40: =SUM(F30:F39) -> 0
C42: კაპიტალი
B43: 00310 | C43: 31 | D43: - სააქციო კაპიტალი/კაპიტალი შპს-ში
B44: 00320 | C44: 32 | D44: - საემისიო კაპიტალი
B45: 00330 | C45: 33 | D45: - გამოსყიდული აქციები
B46: 00340 | C46: 34 | D46: - აკუმულირებული მოგება/(ზარალი)
B47: 00350 | C47: 35 | D47: - პერიოდის წმინდა მოგება/(ზარალი)
B48: 00360 | C48: 36 | D48: - სხვა რეზერვები
B49: 00370 | C49: 37 | D49: სულ კაპიტალი: | E49: =SUM(E43+E44-E45+E46+E47+E48) -> 0 | F49: =SUM(F43+F44-F45+F46+F47+F48) -> 0
B50: 00380 | C50: 38 | D50: სულ ვალდებულებები და კაპიტალი: | E50: =E40+E49 -> 0 | F50: =F40+F49 -> 0

Sheet BS-C
B1: მზღვეველი: | E1: ფორმა N1-1
B2: ანგარიშგების თარიღი:
D4: ფულადი სახსრები და მათი ექვივალენტები
F5: ლარებში
B6: სტრიქონის კოდი | C6: N | E6: საანგარიშო პერიოდი | F6: გასული წლის შესაბამისი პერიოდი
C8: ფულადი სახსრები და მათი ექვივალენტები (სახეობების მიხედვით)
B9: 00010 | C9: 1 | D9: ნაღდი ფული სალაროში | E9: =E31+E330+E629+E928 -> 0 | F9: =F31+F330+F629+F928 -> 0
B10: 00020 | C10: 2 | D10: ფული ბანკებში (მიმდინარე ანგარიშებზე) | E10: =E11+E12+E13+E14 -> 0 | F10: =F11+F12+F13+F14 -> 0
B11: 00030 | C11: 2.1 | D11: მიმდინარე ანგარიშებზე, რეზიდენტ ბანკებში | E11: =E33+E332+E631+E930 -> 0 | F11: =F33+F332+F631+F930 -> 0
B12: 00040 | C12: 2.2 | D12: მიმდინარე ანგარიშებზე დარიცხული %, რეზიდენტ ბანკებში | E12: =E54+E353+E652+E951 -> 0 | F12: =F54+F353+F652+F951 -> 0
B13: 00050 | C13: 2.3 | D13: მიმდინარე ანგარიშებზე, არარეზიდენტ ბანკებში | E13: =E75+E374+E673+E972 -> 0 | F13: =F75+F374+F673+F972 -> 0
B14: 00060 | C14: 2.4 | D14: მიმდინარე ანგარიშებზე დარიცხული %, არარეზიდენტ ბანკებში | E14: =E96+E395+E694+E993 -> 0 | F14: =F96+F395+F694+F993 -> 0
B15: 00070 | C15: 3 | D15: საბანკო დეპოზიტები (მოთხოვნამდე) | E15: =E16+E17+E18+E19 -> 0 | F15: =F16+F17+F18+F19 -> 0
B16: 00080 | C16: 3.1 | D16: საბანკო დეპოზიტები (მოთხოვნამდე), რეზიდენტ ბანკებში | E16: =E118+E417+E716+E1015 -> 0 | F16: =F118+F417+F716+F1015 -> 0
B17: 00090 | C17: 3.2 | D17: საბანკო დეპოზიტებზე (მოთხოვნამდე) დარიცხული %, რეზიდენტ ბანკებში | E17: =E139+E438+E737+E1036 -> 0 | F17: =F139+F438+F737+F1036 -> 0
B18: 00100 | C18: 3.3 | D18: საბანკო დეპოზიტები (მოთხოვნამდე), არარეზიდენტ ბანკებში | E18: =E160+E459+E758+E1057 -> 0 | F18: =F160+F459+F758+F1057 -> 0
B19: 00110 | C19: 3.4 | D19: საბანკო დეპოზიტებზე (მოთხოვნამდე) დარიცხული %, არარეზიდენტ ბანკებში | E19: =E181+E480+E779+E1078 -> 0 | F19: =F181+F480+F779+F1078 -> 0
B20: 00120 | C20: 4 | D20: მოკლევადიანი საბანკო დეპოზიტები (90 დღეზე ნაკლები ვადით) | E20: =E21+E22+E23+E24 -> 0 | F20: =F21+F22+F23+F24 -> 0
B21: 00130 | C21: 4.1 | D21: მოკლევადიანი საბანკო დეპოზიტები, რეზიდენტ ბანკებში | E21: =E203+E502+E801+E1100 -> 0 | F21: =F203+F502+F801+F1100 -> 0
B22: 00140 | C22: 4.2 | D22: მოკლევადიან საბანკო დეპოზიტებზე დარიცხული %, რეზიდენტ ბანკებში | E22: =E224+E523+E822+E1121 -> 0 | F22: =F224+F523+F822+F1121 -> 0
B23: 00150 | C23: 4.3 | D23: მოკლევადიანი საბანკო დეპოზიტები, არარეზიდენტ ბანკებში | E23: =E245+E544+E843+E1142 -> 0 | F23: =F245+F544+F843+F1142 -> 0
B24: 00160 | C24: 4.4 | D24: მოკლევადიან საბანკო დეპოზიტებზე დარიცხული %, არარეზიდენტ ბანკებში | E24: =E266+E565+E864+E1163 -> 0 | F24: =F266+F565+F864+F1163 -> 0
B25: 00170 | C25: 5 | D25: მოკლევადიანი ინვესტიციები (90 დღეზე ნაკლები ვადით) | E25: =E287+E586+E885+E1184 -> 0 | F25: =F287+F586+F885+F1184 -> 0
B26: 00180 | C26: 6 | D26: სხვა ფულადი სახსრები და მათი ექვივალენტები | E26: =E308+E607+E906+E1205 -> 0 | F26: =F308+F607+F906+F1205 -> 0
B27: 00190 | C27: სულ ფულადი სახსრები და მათი ექვივალენტები: (1+2+3+4+5+6) | E27: =E9+E10+E15+E20+E25+E26 -> 0 | F27: =F9+F10+F15+F20+F25+F26 -> 0
C29: ფულადი სახსრები და მათი ექვივალენტები (ვალუტაში კონცენტრირებული)
B30: 00200 | C30: 7 | D30: ლარი | E30: =E31+E32+E117+E202+E287+E308 -> 0 | F30: =F31+F32+F117+F202+F287+F308 -> 0
B31: 00210 | C31: 7.1 | D31: ნაღდი ფული სალაროში
B32: 00220 | C32: 7.2 | D32: ფული ბანკებში (მიმდინარე ანგარიშებზე) | E32: =E33+E54+E75+E96 -> 0 | F32: =F33+F54+F75+F96 -> 0
B33: 00230 | C33: 7.2.1 | D33: მიმდინარე ანგარიშებზე, რეზიდენტ ბანკებში | E33: =SUM(E34:E53) -> 0 | F33: =SUM(F34:F53) -> 0
B34: 00240 | C34: 7.2.1.1 | D34: ბანკის დასახელება, ბანკის რეგისტრაციის ქვეყანა
B35: 00250 | C35: 7.2.1.2 | D35: ბანკის დასახელება, ბანკის რეგისტრაციის ქვეყანა
B36: 00260 | C36: 7.2.1.3 | D36: ბანკის დასახელება, ბანკის რეგისტრაციის ქვეყანა
B37: 00270 | C37: 7.2.1.4 | D37: ბანკის დასახელება, ბანკის რეგისტრაციის ქვეყანა
B38: 00280 | C38: 7.2.1.5 | D38: ბანკის დასახელება, ბანკის რეგისტრაციის ქვეყანა
B39: 00290 | C39: 7.2.1.6 | D39: ბანკის დასახელება, ბანკის რეგისტრაციის ქვეყანა
B40: 00300 | C40: 7.2.1.7 | D40: ბანკის დასახელება, ბანკის რეგისტრაციის ქვეყანა
B41: 00310 | C41: 7.2.1.8 | D41: ბანკის დასახელება, ბანკის რეგისტრაციის ქვეყანა
B42: 00320 | C42: 7.2.1.9 | D42: ბანკის დასახელება, ბანკის რეგისტრაციის ქვეყანა
B43: 00330 | C43: 7.2.1.10 | D43: ბანკის დასახელება, ბანკის რეგისტრაციის ქვეყანა
B44: 00340 | C44: 7.2.1.11 | D44: ბანკის დასახელება, ბანკის რეგისტრაციის ქვეყანა
B45: 00350 | C45: 7.2.1.12 | D45: ბანკის დასახელება, ბანკის რეგისტრაციის ქვეყანა
... B53: 00430 | C53: 7.2.1.20 | D53: ბანკის დასახელება, ბანკის რეგისტრაციის ქვეყანა
B54: 00440 | C54: 7.2.2 | D54: მიმდინარე ანგარიშებზე დარიცხული %, რეზიდენტ ბანკებში | E54: =SUM(E55:E74) -> 0 | F54: =SUM(F55:F74) -> 0
B55: 00450 | C55: 7.2.2.1 | D55: ბანკის დასახელება, ბანკის რეგისტრაციის ქვეყანა
B56: 00460 | C56: 7.2.2.2 | D56: ბანკის დასახელება, ბანკის რეგისტრაციის ქვეყანა
B57: 00470 | C57: 7.2.2.3 | D57: ბანკის დასახელება, ბანკის რეგისტრაციის ქვეყანა
B58: 00480 | C58: 7.2.2.4 | D58: ბანკის დასახელება, ბანკის რეგისტრაციის ქვეყანა
B59: 00490 | C59: 7.2.2.5 | D59: ბანკის დასახელება, ბანკის რეგისტრაციის ქვეყანა
B60: 00500 | C60: 7.2.2.6 | D60: ბანკის დასახელება, ბანკის რეგისტრაციის ქვეყანა
B61: 00510 | C61: 7.2.2.7 | D61: ბანკის დასახელება, ბანკის რეგისტრაციის ქვეყანა
B62: 00520 | C62: 7.2.2.8 | D62: ბანკის დასახელება, ბანკის რეგისტრაციის ქვეყანა
B63: 00530 | C63: 7.2.2.9 | D63: ბანკის დასახელება, ბანკის რეგისტრაციის ქვეყანა
B64: 00540 | C64: 7.2.2.10 | D64: ბანკის დასახელება, ბანკის რეგისტრაციის ქვეყანა
B65: 00550 | C65: 7.2.2.11 | D65: ბანკის დასახელება, ბანკის რეგისტრაციის ქვეყანა
B66: 00560 | C66: 7.2.2.12 | D66: ბანკის დასახელება, ბანკის რეგისტრაციის ქვეყანა
... B74: 00640 | C74: 7.2.2.20 | D74: ბანკის დასახელება, ბანკის რეგისტრაციის ქვეყანა
B75: 00650 | C75: 7.2.3 | D75: მიმდინარე ანგარიშებზე, არარეზიდენტ ბანკებში | E75: =SUM(E76:E95) -> 0 | F75: =SUM(F76:F95) -> 0
B76: 00660 | C76: 7.2.3.1 | D76: ბანკის დასახელება, ბანკის რეგისტრაციის ქვეყანა
B77: 00670 | C77: 7.2.3.2 | D77: ბანკის დასახელება, ბანკის რეგისტრაციის ქვეყანა
B78: 00680 | C78: 7.2.3.3 | D78: ბანკის დასახელება, ბანკის რეგისტრაციის ქვეყანა
B79: 00690 | C79: 7.2.3.4 | D79: ბანკის დასახელება, ბანკის რეგისტრაციის ქვეყანა
B80: 00700 | C80: 7.2.3.5 | D80: ბანკის დასახელება, ბანკის რეგისტრაციის ქვეყანა
B81: 00710 | C81: 7.2.3.6 | D81: ბანკის დასახელება, ბანკის რეგისტრაციის ქვეყანა
B82: 00720 | C82: 7.2.3.7 | D82: ბანკის დასახელება, ბანკის რეგისტრაციის ქვეყანა
B83: 00730 | C83: 7.2.3.8 | D83: ბანკის დასახელება, ბანკის რეგისტრაციის ქვეყანა
B84: 00740 | C84: 7.2.3.9 | D84: ბანკის დასახელება, ბანკის რეგისტრაციის ქვეყანა
B85: 00750 | C85: 7.2.3.10 | D85: ბანკის დასახელება, ბანკის რეგისტრაციის ქვეყანა
B86: 00760 | C86: 7.2.3.11 | D86: ბანკის დასახელება, ბანკის რეგისტრაციის ქვეყანა
B87: 00770 | C87: 7.2.3.12 | D87: ბანკის დასახელება, ბანკის რეგისტრაციის ქვეყანა
... B95: 00850 | C95: 7.2.3.20 | D95: ბანკის დასახელება, ბანკის რეგისტრაციის ქვეყანა
B96: 00860 | C96: 7.2.4 | D96: მიმდინარე ანგარიშებზე დარიცხული %, არარეზიდენტ ბანკებში | E96: =SUM(E97:E116) -> 0 | F96: =SUM(F97:F116) -> 0
B97: 00870 | C97: 7.2.4.1 | D97: ბანკის დასახელება, ბანკის რეგისტრაციის ქვეყანა
B98: 00880 | C98: 7.2.4.2 | D98: ბანკის დასახელება, ბანკის რეგისტრაციის ქვეყანა
B99: 00890 | C99: 7.2.4.3 | D99: ბანკის დასახელება, ბანკის რეგისტრაციის ქვეყანა
B100: 00900 | C100: 7.2.4.4 | D100: ბანკის დასახელება, ბანკის რეგისტრაციის ქვეყანა
B101: 00910 | C101: 7.2.4.5 | D101: ბანკის დასახელება, ბანკის რეგისტრაციის ქვეყანა
B102: 00920 | C102: 7.2.4.6 | D102: ბანკის დასახელება, ბანკის რეგისტრაციის ქვეყანა
B103: 00930 | C103: 7.2.4.7 | D103: ბანკის დასახელება, ბანკის რეგისტრაციის ქვეყანა
B104: 00940 | C104: 7.2.4.8 | D104: ბანკის დასახელება, ბანკის რეგისტრაციის ქვეყანა
B105: 00950 | C105: 7.2.4.9 | D105: ბანკის დასახელება, ბანკის რეგისტრაციის ქვეყანა
B106: 00960 | C106: 7.2.4.10 | D106: ბანკის დასახელება, ბანკის რეგისტრაციის ქვეყანა
B107: 00970 | C107: 7.2.4.11 | D107: ბანკის დასახელება, ბანკის რეგისტრაციის ქვეყანა
B108: 00980 | C108: 7.2.4.12 | D108: ბანკის დასახელება, ბანკის რეგისტრაციის ქვეყანა
... B116: 01060 | C116: 7.2.4.20 | D116: ბანკის დასახელება, ბანკის რეგისტრაციის ქვეყანა
B117: 01070 | C117: 7.3 | D117: საბანკო დეპოზიტები (მოთხოვნამდე) | E117: =E118+E139+E160+E181 -> 0 | F117: =F118+F139+F160+F181 -> 0
B118: 01080 | C118: 7.3.1 | D118: საბანკო დეპოზიტები (მოთხოვნამდე), რეზიდენტ ბანკებში | E118: =SUM(E119:E138) -> 0 | F118: =SUM(F119:F138) -> 0
B119: 01090 | C119: 7.3.1.1 | D119: ბანკის დასახელება, ბანკის რეგისტრაციის ქვეყანა
B120: 01100 | C120: 7.3.1.2 | D120: ბანკის დასახელება, ბანკის რეგისტრაციის ქვეყანა
B121: 01110 | C121: 7.3.1.3 | D121: ბანკის დასახელება, ბანკის რეგისტრაციის ქვეყანა
B122: 01120 | C122: 7.3.1.4 | D122: ბანკის დასახელება, ბანკის რეგისტრაციის ქვეყანა
B123: 01130 | C123: 7.3.1.5 | D123: ბანკის დასახელება, ბანკის რეგისტრაციის ქვეყანა
B124: 01140 | C124: 7.3.1.6 | D124: ბანკის დასახელება, ბანკის რეგისტრაციის ქვეყანა
B125: 01150 | C125: 7.3.1.7 | D125: ბანკის დასახელება, ბანკის რეგისტრაციის ქვეყანა
B126: 01160 | C126: 7.3.1.8 | D126: ბანკის დასახელება, ბანკის რეგისტრაციის ქვეყანა
B127: 01170 | C127: 7.3.1.9 | D127: ბანკის დასახელება, ბანკის რეგისტრაციის ქვეყანა
B128: 01180 | C128: 7.3.1.10 | D128: ბანკის დასახელება, ბანკის რეგისტრაციის ქვეყანა
B129: 01190 | C129: 7.3.1.11 | D129: ბანკის დასახელება, ბანკის რეგისტრაციის ქვეყანა
B130: 01200 | C130: 7.3.1.12 | D130: ბანკის დასახელება, ბანკის რეგისტრაციის ქვეყანა
... B138: 01280 | C138: 7.3.1.20 | D138: ბანკის დასახელება, ბანკის რეგისტრაციის ქვეყანა
...

Sheet BS-D
B1: მზღვეველი: | E1: ფორმა N1-2
B2: ანგარიშგების თარიღი:
D4: მოთხოვნები საკრედიტო დაწესებულებების მიმართ
E5: ლარებში
B6: სტრიქონის კოდი | C6: N | D6: ვადიანი დეპოზიტები ბანკებში | E6: საანგარიშო პერიოდი | F6: გასული წლის შესაბამისი პერიოდი
B8: 00010 | C8: 1 | D8: - მოკლევადიანი (365 და 365 დღეზე ნაკლები) (2+3+4+5) | E8: =E9+E94+E179+E264 -> 0 | F8: =F9+F94+F179+F264 -> 0
B9: 00020 | C9: 2 | D9: ლარი | E9: =E10+E31+E52+E73 -> 0 | F9: =F10+F31+F52+F73 -> 0
B10: 00030 | C10: 2.1 | D10: ვადიანი დეპოზიტები რეზიდენტ ბანკებში | E10: =SUM(E11:E30) -> 0 | F10: =SUM(F11:F30) -> 0
B11: 00040 | C11: 2.1.1 | D11: ბანკის დასახელება, ბანკის რეგისტრაციის ქვეყანა
B12: 00050 | C12: 2.1.2 | D12: ბანკის დასახელება, ბანკის რეგისტრაციის ქვეყანა
B13: 00060 | C13: 2.1.3 | D13: ბანკის დასახელება, ბანკის რეგისტრაციის ქვეყანა
B14: 00070 | C14: 2.1.4 | D14: ბანკის დასახელება, ბანკის რეგისტრაციის ქვეყანა
B15: 00080 | C15: 2.1.5 | D15: ბანკის დასახელება, ბანკის რეგისტრაციის ქვეყანა
B16: 00090 | C16: 2.1.6 | D16: ბანკის დასახელება, ბანკის რეგისტრაციის ქვეყანა
B17: 00100 | C17: 2.1.7 | D17: ბანკის დასახელება, ბანკის რეგისტრაციის ქვეყანა
B18: 00110 | C18: 2.1.8 | D18: ბანკის დასახელება, ბანკის რეგისტრაციის ქვეყანა
B19: 00120 | C19: 2.1.9 | D19: ბანკის დასახელება, ბანკის რეგისტრაციის ქვეყანა
B20: 00130 | C20: 2.1.10 | D20: ბანკის დასახელება, ბანკის რეგისტრაციის ქვეყანა
B21: 00140 | C21: 2.1.11 | D21: ბანკის დასახელება, ბანკის რეგისტრაციის ქვეყანა
B22: 00150 | C22: 2.1.12 | D22: ბანკის დასახელება, ბანკის რეგისტრაციის ქვეყანა
... B30: 00230 | C30: 2.1.20 | D30: ბანკის დასახელება, ბანკის რეგისტრაციის ქვეყანა
B31: 00240 | C31: 2.2 | D31: ვადიან დეპოზიტებზე დარიცხული %, რეზიდენტ ბანკებში | E31: =SUM(E32:E51) -> 0 | F31: =SUM(F32:F51) -> 0
B32: 00250 | C32: 2.2.1 | D32: ბანკის დასახელება, ბანკის რეგისტრაციის ქვეყანა
B33: 00260 | C33: 2.2.2 | D33: ბანკის დასახელება, ბანკის რეგისტრაციის ქვეყანა
B34: 00270 | C34: 2.2.3 | D34: ბანკის დასახელება, ბანკის რეგისტრაციის ქვეყანა
B35: 00280 | C35: 2.2.4 | D35: ბანკის დასახელება, ბანკის რეგისტრაციის ქვეყანა
B36: 00290 | C36: 2.2.5 | D36: ბანკის დასახელება, ბანკის რეგისტრაციის ქვეყანა
B37: 00300 | C37: 2.2.6 | D37: ბანკის დასახელება, ბანკის რეგისტრაციის ქვეყანა
B38: 00310 | C38: 2.2.7 | D38: ბანკის დასახელება, ბანკის რეგისტრაციის ქვეყანა
B39: 00320 | C39: 2.2.8 | D39: ბანკის დასახელება, ბანკის რეგისტრაციის ქვეყანა
B40: 00330 | C40: 2.2.9 | D40: ბანკის დასახელება, ბანკის რეგისტრაციის ქვეყანა
B41: 00340 | C41: 2.2.10 | D41: ბანკის დასახელება, ბანკის რეგისტრაციის ქვეყანა
B42: 00350 | C42: 2.2.11 | D42: ბანკის დასახელება, ბანკის რეგისტრაციის ქვეყანა
B43: 00360 | C43: 2.2.12 | D43: ბანკის დასახელება, ბანკის რეგისტრაციის ქვეყანა
... B51: 00440 | C51: 2.2.20 | D51: ბანკის დასახელება, ბანკის რეგისტრაციის ქვეყანა
B52: 00450 | C52: 2.3 | D52: ვადიანი დეპოზიტები არარეზიდენტ ბანკებში | E52: =SUM(E53:E72) -> 0 | F52: =SUM(F53:F72) -> 0
B53: 00460 | C53: 2.3.1 | D53: ბანკის დასახელება, ბანკის რეგისტრაციის ქვეყანა
B54: 00470 | C54: 2.3.2 | D54: ბანკის დასახელება, ბანკის რეგისტრაციის ქვეყანა
B55: 00480 | C55: 2.3.3 | D55: ბანკის დასახელება, ბანკის რეგისტრაციის ქვეყანა
B56: 00490 | C56: 2.3.4 | D56: ბანკის დასახელება, ბანკის რეგისტრაციის ქვეყანა
B57: 00500 | C57: 2.3.5 | D57: ბანკის დასახელება, ბანკის რეგისტრაციის ქვეყანა
B58: 00510 | C58: 2.3.6 | D58: ბანკის დასახელება, ბანკის რეგისტრაციის ქვეყანა
B59: 00520 | C59: 2.3.7 | D59: ბანკის დასახელება, ბანკის რეგისტრაციის ქვეყანა
B60: 00530 | C60: 2.3.8 | D60: ბანკის დასახელება, ბანკის რეგისტრაციის ქვეყანა
B61: 00540 | C61: 2.3.9 | D61: ბანკის დასახელება, ბანკის რეგისტრაციის ქვეყანა
B62: 00550 | C62: 2.3.10 | D62: ბანკის დასახელება, ბანკის რეგისტრაციის ქვეყანა
B63: 00560 | C63: 2.3.11 | D63: ბანკის დასახელება, ბანკის რეგისტრაციის ქვეყანა
B64: 00570 | C64: 2.3.12 | D64: ბანკის დასახელება, ბანკის რეგისტრაციის ქვეყანა
... B72: 00650 | C72: 2.3.20 | D72: ბანკის დასახელება, ბანკის რეგისტრაციის ქვეყანა
B73: 00660 | C73: 2.4 | D73: ვადიან დეპოზიტებზე დარიცხული %, არარეზიდენტ ბანკებში | E73: =SUM(E74:E93) -> 0 | F73: =SUM(F74:F93) -> 0
B74: 00670 | C74: 2.4.1 | D74: ბანკის დასახელება, ბანკის რეგისტრაციის ქვეყანა
B75: 00680 | C75: 2.4.2 | D75: ბანკის დასახელება, ბანკის რეგისტრაციის ქვეყანა
B76: 00690 | C76: 2.4.3 | D76: ბანკის დასახელება, ბანკის რეგისტრაციის ქვეყანა
B77: 00700 | C77: 2.4.4 | D77: ბანკის დასახელება, ბანკის რეგისტრაციის ქვეყანა
B78: 00710 | C78: 2.4.5 | D78: ბანკის დასახელება, ბანკის რეგისტრაციის ქვეყანა
B79: 00720 | C79: 2.4.6 | D79: ბანკის დასახელება, ბანკის რეგისტრაციის ქვეყანა
B80: 00730 | C80: 2.4.7 | D80: ბანკის დასახელება, ბანკის რეგისტრაციის ქვეყანა
B81: 00740 | C81: 2.4.8 | D81: ბანკის დასახელება, ბანკის რეგისტრაციის ქვეყანა
B82: 00750 | C82: 2.4.9 | D82: ბანკის დასახელება, ბანკის რეგისტრაციის ქვეყანა
B83: 00760 | C83: 2.4.10 | D83: ბანკის დასახელება, ბანკის რეგისტრაციის ქვეყანა
B84: 00770 | C84: 2.4.11 | D84: ბანკის დასახელება, ბანკის რეგისტრაციის ქვეყანა
B85: 00780 | C85: 2.4.12 | D85: ბანკის დასახელება, ბანკის რეგისტრაციის ქვეყანა
... B93: 00860 | C93: 2.4.20 | D93: ბანკის დასახელება, ბანკის რეგისტრაციის ქვეყანა
B94: 00870 | C94: 3 | D94: აშშ დოლარი | E94: =E95+E116+E137+E158 -> 0 | F94: =F95+F116+F137+F158 -> 0
B95: 00880 | C95: 3.1 | D95: ვადიანი დეპოზიტები რეზიდენტ ბანკებში | E95: =SUM(E96:E115) -> 0 | F95: =SUM(F96:F115) -> 0
B96: 00890 | C96: 3.1.1 | D96: ბანკის დასახელება, ბანკის რეგისტრაციის ქვეყანა
B97: 00900 | C97: 3.1.2 | D97: ბანკის დასახელება, ბანკის რეგისტრაციის ქვეყანა
B98: 00910 | C98: 3.1.3 | D98: ბანკის დასახელება, ბანკის რეგისტრაციის ქვეყანა
B99: 00920 | C99: 3.1.4 | D99: ბანკის დასახელება, ბანკის რეგისტრაციის ქვეყანა
B100: 00930 | C100: 3.1.5 | D100: ბანკის დასახელება, ბანკის რეგისტრაციის ქვეყანა
B101: 00940 | C101: 3.1.6 | D101: ბანკის დასახელება, ბანკის რეგისტრაციის ქვეყანა
B102: 00950 | C102: 3.1.7 | D102: ბანკის დასახელება, ბანკის რეგისტრაციის ქვეყანა
B103: 00960 | C103: 3.1.8 | D103: ბანკის დასახელება, ბანკის რეგისტრაციის ქვეყანა
B104: 00970 | C104: 3.1.9 | D104: ბანკის დასახელება, ბანკის რეგისტრაციის ქვეყანა
B105: 00980 | C105: 3.1.10 | D105: ბანკის დასახელება, ბანკის რეგისტრაციის ქვეყანა
B106: 00990 | C106: 3.1.11 | D106: ბანკის დასახელება, ბანკის რეგისტრაციის ქვეყანა
B107: 01000 | C107: 3.1.12 | D107: ბანკის დასახელება, ბანკის რეგისტრაციის ქვეყანა
... B115: 01080 | C115: 3.1.20 | D115: ბანკის დასახელება, ბანკის რეგისტრაციის ქვეყანა
B116: 01090 | C116: 3.2 | D116: ვადიან დეპოზიტებზე დარიცხული %, რეზიდენტ ბანკებში | E116: =SUM(E117:E136) -> 0 | F116: =SUM(F117:F136) -> 0
B117: 01100 | C117: 3.2.1 | D117: ბანკის დასახელება, ბანკის რეგისტრაციის ქვეყანა
B118: 01110 | C118: 3.2.2 | D118: ბანკის დასახელება, ბანკის რეგისტრაციის ქვეყანა
B119: 01120 | C119: 3.2.3 | D119: ბანკის დასახელება, ბანკის რეგისტრაციის ქვეყანა
B120: 01130 | C120: 3.2.4 | D120: ბანკის დასახელება, ბანკის რეგისტრაციის ქვეყანა
B121: 01140 | C121: 3.2.5 | D121: ბანკის დასახელება, ბანკის რეგისტრაციის ქვეყანა
B122: 01150 | C122: 3.2.6 | D122: ბანკის დასახელება, ბანკის რეგისტრაციის ქვეყანა
B123: 01160 | C123: 3.2.7 | D123: ბანკის დასახელება, ბანკის რეგისტრაციის ქვეყანა
B124: 01170 | C124: 3.2.8 | D124: ბანკის დასახელება, ბანკის რეგისტრაციის ქვეყანა
B125: 01180 | C125: 3.2.9 | D125: ბანკის დასახელება, ბანკის რეგისტრაციის ქვეყანა
B126: 01190 | C126: 3.2.10 | D126: ბანკის დასახელება, ბანკის რეგისტრაციის ქვეყანა
B127: 01200 | C127: 3.2.11 | D127: ბანკის დასახელება, ბანკის რეგისტრაციის ქვეყანა
B128: 01210 | C128: 3.2.12 | D128: ბანკის დასახელება, ბანკის რეგისტრაციის ქვეყანა
... B136: 01290 | C136: 3.2.20 | D136: ბანკის დასახელება, ბანკის რეგისტრაციის ქვეყანა
B137: 01300 | C137: 3.3 | D137: ვადიანი დეპოზიტები არარეზიდენტ ბანკებში | E137: =SUM(E138:E157) -> 0 | F137: =SUM(F138:F157) -> 0
B138: 01310 | C138: 3.3.1 | D138: ბანკის დასახელება, ბანკის რეგისტრაციის ქვეყანა
B139: 01320 | C139: 3.3.2 | D139: ბანკის დასახელება, ბანკის რეგისტრაციის ქვეყანა
B140: 01330 | C140: 3.3.3 | D140: ბანკის დასახელება, ბანკის რეგისტრაციის ქვეყანა
B141: 01340 | C141: 3.3.4 | D141: ბანკის დასახელება, ბანკის რეგისტრაციის ქვეყანა
B142: 01350 | C142: 3.3.5 | D142: ბანკის დასახელება, ბანკის რეგისტრაციის ქვეყანა
B143: 01360 | C143: 3.3.6 | D143: ბანკის დასახელება, ბანკის რეგისტრაციის ქვეყანა
B144: 01370 | C144: 3.3.7 | D144: ბანკის დასახელება, ბანკის რეგისტრაციის ქვეყანა
...

Sheet BS-FA 
B1: მზღვეველი: | E1: ფორმა N1-3
B2: ანგარიშგების თარიღი:
C4: ფინანსური აქტივები
E5: ლარებში
B6: სტრიქონის კოდი | C6: N | E6: საანგარიშო პერიოდი | F6: გასული წლის შესაბამისი პერიოდი
C8: გასაყიდად არსებული ფინანსური აქტივები
B9: 00010 | C9: 1 | D9: წილობრივი ინსტრუმენტები | E9: =SUM(E10:E29) -> 0 | F9: =SUM(F10:F29) -> 0
B10: 00020 | C10: 1.1 | D10: წილობრივი ინსტრუმენტის დასახელება, ემიტენტი, რეგისტრაციის ქვეყანა
B11: 00030 | C11: 1.2 | D11: წილობრივი ინსტრუმენტის დასახელება, ემიტენტი, რეგისტრაციის ქვეყანა
B12: 00040 | C12: 1.3 | D12: წილობრივი ინსტრუმენტის დასახელება, ემიტენტი, რეგისტრაციის ქვეყანა
B13: 00050 | C13: 1.4 | D13: წილობრივი ინსტრუმენტის დასახელება, ემიტენტი, რეგისტრაციის ქვეყანა
B14: 00060 | C14: 1.5 | D14: წილობრივი ინსტრუმენტის დასახელება, ემიტენტი, რეგისტრაციის ქვეყანა
B15: 00070 | C15: 1.6 | D15: წილობრივი ინსტრუმენტის დასახელება, ემიტენტი, რეგისტრაციის ქვეყანა
B16: 00080 | C16: 1.7 | D16: წილობრივი ინსტრუმენტის დასახელება, ემიტენტი, რეგისტრაციის ქვეყანა
B17: 00090 | C17: 1.8 | D17: წილობრივი ინსტრუმენტის დასახელება, ემიტენტი, რეგისტრაციის ქვეყანა
B18: 00100 | C18: 1.9 | D18: წილობრივი ინსტრუმენტის დასახელება, ემიტენტი, რეგისტრაციის ქვეყანა
B19: 00110 | C19: 1.1 | D19: წილობრივი ინსტრუმენტის დასახელება, ემიტენტი, რეგისტრაციის ქვეყანა
B20: 00120 | C20: 1.11 | D20: წილობრივი ინსტრუმენტის დასახელება, ემიტენტი, რეგისტრაციის ქვეყანა
B21: 00130 | C21: 1.12 | D21: წილობრივი ინსტრუმენტის დასახელება, ემიტენტი, რეგისტრაციის ქვეყანა
... B28: 00200 | C28: 1.19 | D28: წილობრივი ინსტრუმენტის დასახელება, ემიტენტი, რეგისტრაციის ქვეყანა
B29: 00210 | C29: 1.20 | D29: წილობრივი ინსტრუმენტის დასახელება, ემიტენტი, რეგისტრაციის ქვეყანა
B30: 00220 | C30: 2 | D30: სახელმწიფო სასესხო ფასიანი ქაღალდები | E30: =SUM(E31:E50) -> 0 | F30: =SUM(F31:F50) -> 0
B31: 00230 | C31: 2.1 | D31: სასესხო ფასიანი ქაღალდის დასახელება, ემიტენტი, რეგისტრაციის ქვეყანა
B32: 00240 | C32: 2.2 | D32: სასესხო ფასიანი ქაღალდის დასახელება, ემიტენტი, რეგისტრაციის ქვეყანა
B33: 00250 | C33: 2.3 | D33: სასესხო ფასიანი ქაღალდის დასახელება, ემიტენტი, რეგისტრაციის ქვეყანა
B34: 00260 | C34: 2.4 | D34: სასესხო ფასიანი ქაღალდის დასახელება, ემიტენტი, რეგისტრაციის ქვეყანა
B35: 00270 | C35: 2.5 | D35: სასესხო ფასიანი ქაღალდის დასახელება, ემიტენტი, რეგისტრაციის ქვეყანა
B36: 00280 | C36: 2.6 | D36: სასესხო ფასიანი ქაღალდის დასახელება, ემიტენტი, რეგისტრაციის ქვეყანა
B37: 00290 | C37: 2.7 | D37: სასესხო ფასიანი ქაღალდის დასახელება, ემიტენტი, რეგისტრაციის ქვეყანა
B38: 00300 | C38: 2.8 | D38: სასესხო ფასიანი ქაღალდის დასახელება, ემიტენტი, რეგისტრაციის ქვეყანა
B39: 00310 | C39: 2.9 | D39: სასესხო ფასიანი ქაღალდის დასახელება, ემიტენტი, რეგისტრაციის ქვეყანა
B40: 00320 | C40: 2.1 | D40: სასესხო ფასიანი ქაღალდის დასახელება, ემიტენტი, რეგისტრაციის ქვეყანა
B41: 00330 | C41: 2.11 | D41: სასესხო ფასიანი ქაღალდის დასახელება, ემიტენტი, რეგისტრაციის ქვეყანა
B42: 00340 | C42: 2.12 | D42: სასესხო ფასიანი ქაღალდის დასახელება, ემიტენტი, რეგისტრაციის ქვეყანა
... B49: 00410 | C49: 2.19 | D49: სასესხო ფასიანი ქაღალდის დასახელება, ემიტენტი, რეგისტრაციის ქვეყანა
B50: 00420 | C50: 2.20 | D50: სასესხო ფასიანი ქაღალდის დასახელება, ემიტენტი, რეგისტრაციის ქვეყანა
B51: 00430 | C51: 3 | D51: კორპორაციული სასესხო ფასიანი ქაღალდები | E51: =SUM(E52:E71) -> 0 | F51: =SUM(F52:F71) -> 0
B52: 00440 | C52: 3.1 | D52: სასესხო ფასიანი ქაღალდის დასახელება, ემიტენტი, რეგისტრაციის ქვეყანა
B53: 00450 | C53: 3.2 | D53: სასესხო ფასიანი ქაღალდის დასახელება, ემიტენტი, რეგისტრაციის ქვეყანა
B54: 00460 | C54: 3.3 | D54: სასესხო ფასიანი ქაღალდის დასახელება, ემიტენტი, რეგისტრაციის ქვეყანა
B55: 00470 | C55: 3.4 | D55: სასესხო ფასიანი ქაღალდის დასახელება, ემიტენტი, რეგისტრაციის ქვეყანა
B56: 00480 | C56: 3.5 | D56: სასესხო ფასიანი ქაღალდის დასახელება, ემიტენტი, რეგისტრაციის ქვეყანა
B57: 00490 | C57: 3.6 | D57: სასესხო ფასიანი ქაღალდის დასახელება, ემიტენტი, რეგისტრაციის ქვეყანა
B58: 00500 | C58: 3.7 | D58: სასესხო ფასიანი ქაღალდის დასახელება, ემიტენტი, რეგისტრაციის ქვეყანა
B59: 00510 | C59: 3.8 | D59: სასესხო ფასიანი ქაღალდის დასახელება, ემიტენტი, რეგისტრაციის ქვეყანა
B60: 00520 | C60: 3.9 | D60: სასესხო ფასიანი ქაღალდის დასახელება, ემიტენტი, რეგისტრაციის ქვეყანა
B61: 00530 | C61: 3.1 | D61: სასესხო ფასიანი ქაღალდის დასახელება, ემიტენტი, რეგისტრაციის ქვეყანა
B62: 00540 | C62: 3.11 | D62: სასესხო ფასიანი ქაღალდის დასახელება, ემიტენტი, რეგისტრაციის ქვეყანა
B63: 00550 | C63: 3.12 | D63: სასესხო ფასიანი ქაღალდის დასახელება, ემიტენტი, რეგისტრაციის ქვეყანა
... B70: 00620 | C70: 3.19 | D70: სასესხო ფასიანი ქაღალდის დასახელება, ემიტენტი, რეგისტრაციის ქვეყანა
B71: 00630 | C71: 3.20 | D71: სასესხო ფასიანი ქაღალდის დასახელება, ემიტენტი, რეგისტრაციის ქვეყანა
B72: 00640 | C72: 4 | D72: სხვა გასაყიდად არსებული ფინანსური აქტივები | E72: =SUM(E73:E92) -> 0 | F72: =SUM(F73:F92) -> 0
B73: 00650 | C73: 4.1 | D73: სხვა ფინანსური აქტივის დასახელება, ემიტენტი, რეგისტრაციის ქვეყანა
B74: 00660 | C74: 4.2 | D74: სხვა ფინანსური აქტივის დასახელება, ემიტენტი, რეგისტრაციის ქვეყანა
B75: 00670 | C75: 4.3 | D75: სხვა ფინანსური აქტივის დასახელება, ემიტენტი, რეგისტრაციის ქვეყანა
B76: 00680 | C76: 4.4 | D76: სხვა ფინანსური აქტივის დასახელება, ემიტენტი, რეგისტრაციის ქვეყანა
B77: 00690 | C77: 4.5 | D77: სხვა ფინანსური აქტივის დასახელება, ემიტენტი, რეგისტრაციის ქვეყანა
B78: 00700 | C78: 4.6 | D78: სხვა ფინანსური აქტივის დასახელება, ემიტენტი, რეგისტრაციის ქვეყანა
B79: 00710 | C79: 4.7 | D79: სხვა ფინანსური აქტივის დასახელება, ემიტენტი, რეგისტრაციის ქვეყანა
B80: 00720 | C80: 4.8 | D80: სხვა ფინანსური აქტივის დასახელება, ემიტენტი, რეგისტრაციის ქვეყანა
B81: 00730 | C81: 4.9 | D81: სხვა ფინანსური აქტივის დასახელება, ემიტენტი, რეგისტრაციის ქვეყანა
B82: 00740 | C82: 4.1 | D82: სხვა ფინანსური აქტივის დასახელება, ემიტენტი, რეგისტრაციის ქვეყანა
B83: 00750 | C83: 4.11 | D83: სხვა ფინანსური აქტივის დასახელება, ემიტენტი, რეგისტრაციის ქვეყანა
B84: 00760 | C84: 4.12 | D84: სხვა ფინანსური აქტივის დასახელება, ემიტენტი, რეგისტრაციის ქვეყანა
... B91: 00830 | C91: 4.19 | D91: სხვა ფინანსური აქტივის დასახელება, ემიტენტი, რეგისტრაციის ქვეყანა
B92: 00840 | C92: 4.20 | D92: სხვა ფინანსური აქტივის დასახელება, ემიტენტი, რეგისტრაციის ქვეყანა
B93: 00850 | C93: სულ გასაყიდი ფინანსური აქტივები, წმინდა: (1+2+3+4) | E93: =E9+E30+E51+E72 -> 0 | F93: =F9+F30+F51+F72 -> 0
C95: დაფარვის ვადამდე მფლობელობაში არსებული ფინანსური აქტივები
B96: 00860 | C96: 1 | D96: წილობრივი ინსტრუმენტები | E96: =E97+E118 -> 0 | F96: =F97+F118 -> 0
B97: 00870 | C97: 1.1 | D97: მოკლევადიანი | E97: =SUM(E98:E117) -> 0 | F97: =SUM(F98:F117) -> 0
B98: 00880 | C98: 1.1.1 | D98: წილობრივი ინსტრუმენტის დასახელება, ემიტენტი, რეგისტრაციის ქვეყანა
B99: 00890 | C99: 1.1.2 | D99: წილობრივი ინსტრუმენტის დასახელება, ემიტენტი, რეგისტრაციის ქვეყანა
B100: 00900 | C100: 1.1.3 | D100: წილობრივი ინსტრუმენტის დასახელება, ემიტენტი, რეგისტრაციის ქვეყანა
B101: 00910 | C101: 1.1.4 | D101: წილობრივი ინსტრუმენტის დასახელება, ემიტენტი, რეგისტრაციის ქვეყანა
B102: 00920 | C102: 1.1.5 | D102: წილობრივი ინსტრუმენტის დასახელება, ემიტენტი, რეგისტრაციის ქვეყანა
B103: 00930 | C103: 1.1.6 | D103: წილობრივი ინსტრუმენტის დასახელება, ემიტენტი, რეგისტრაციის ქვეყანა
B104: 00940 | C104: 1.1.7 | D104: წილობრივი ინსტრუმენტის დასახელება, ემიტენტი, რეგისტრაციის ქვეყანა
B105: 00950 | C105: 1.1.8 | D105: წილობრივი ინსტრუმენტის დასახელება, ემიტენტი, რეგისტრაციის ქვეყანა
B106: 00960 | C106: 1.1.9 | D106: წილობრივი ინსტრუმენტის დასახელება, ემიტენტი, რეგისტრაციის ქვეყანა
B107: 00970 | C107: 1.1.10 | D107: წილობრივი ინსტრუმენტის დასახელება, ემიტენტი, რეგისტრაციის ქვეყანა
B108: 00980 | C108: 1.1.11 | D108: წილობრივი ინსტრუმენტის დასახელება, ემიტენტი, რეგისტრაციის ქვეყანა
B109: 00990 | C109: 1.1.12 | D109: წილობრივი ინსტრუმენტის დასახელება, ემიტენტი, რეგისტრაციის ქვეყანა
... B117: 01070 | C117: 1.1.20 | D117: წილობრივი ინსტრუმენტის დასახელება, ემიტენტი, რეგისტრაციის ქვეყანა
B118: 01080 | C118: 1.2 | D118: გრძელვადიანი | E118: =SUM(E119:E138) -> 0 | F118: =SUM(F119:F138) -> 0
B119: 01090 | C119: 1.2.1 | D119: წილობრივი ინსტრუმენტის დასახელება, ემიტენტი, რეგისტრაციის ქვეყანა
B120: 01100 | C120: 1.2.2 | D120: წილობრივი ინსტრუმენტის დასახელება, ემიტენტი, რეგისტრაციის ქვეყანა
B121: 01110 | C121: 1.2.3 | D121: წილობრივი ინსტრუმენტის დასახელება, ემიტენტი, რეგისტრაციის ქვეყანა
B122: 01120 | C122: 1.2.4 | D122: წილობრივი ინსტრუმენტის დასახელება, ემიტენტი, რეგისტრაციის ქვეყანა
B123: 01130 | C123: 1.2.5 | D123: წილობრივი ინსტრუმენტის დასახელება, ემიტენტი, რეგისტრაციის ქვეყანა
B124: 01140 | C124: 1.2.6 | D124: წილობრივი ინსტრუმენტის დასახელება, ემიტენტი, რეგისტრაციის ქვეყანა
B125: 01150 | C125: 1.2.7 | D125: წილობრივი ინსტრუმენტის დასახელება, ემიტენტი, რეგისტრაციის ქვეყანა
B126: 01160 | C126: 1.2.8 | D126: წილობრივი ინსტრუმენტის დასახელება, ემიტენტი, რეგისტრაციის ქვეყანა
B127: 01170 | C127: 1.2.9 | D127: წილობრივი ინსტრუმენტის დასახელება, ემიტენტი, რეგისტრაციის ქვეყანა
B128: 01180 | C128: 1.2.10 | D128: წილობრივი ინსტრუმენტის დასახელება, ემიტენტი, რეგისტრაციის ქვეყანა
B129: 01190 | C129: 1.2.11 | D129: წილობრივი ინსტრუმენტის დასახელება, ემიტენტი, რეგისტრაციის ქვეყანა
B130: 01200 | C130: 1.2.12 | D130: წილობრივი ინსტრუმენტის დასახელება, ემიტენტი, რეგისტრაციის ქვეყანა
... B138: 01280 | C138: 1.2.20 | D138: წილობრივი ინსტრუმენტის დასახელება, ემიტენტი, რეგისტრაციის ქვეყანა
B139: 01290 | C139: 2 | D139: სახელმწიფო სასესხო ფასიანი ქაღალდები | E139: =E140+E161+E182+E203+E224+E245 -> 0 | F139: =F140+F161+F182+F203+F224+F245 -> 0
B140: 01300 | C140: 2.1 | D140: მოკლევადიანი | E140: =SUM(E141:E160) -> 0 | F140: =SUM(F141:F160) -> 0
B141: 01310 | C141: 2.1.1 | D141: სასესხო ფასიანი ქაღალდის დასახელება, ემიტენტი, რეგისტრაციის ქვეყანა
...

Sheet BS-IR & RR
B1: მზღვეველი: | E1: ფორმა N1-4
B2: ანგარიშგების თარიღი:
D4: სადაზღვევო და გადაზღვევის მოთხოვნები
E5: ლარებში
B6: სტრიქონის კოდი | C6: N | E6: საანგარიშო პერიოდი | F6: გასული წლის შესაბამისი პერიოდი
C8: სადაზღვევო მოთხოვნები
B10: 00010 | C10: 1 | D10: სადაზღვევო მოთხოვნები
B11: 00020 | C11: 2 | D11: მინუს: სადაზღვევო დებიტორების გაუფასურების რეზერვი
B12: 00030 | C12: 3 | D12: სადაზღვევო მოთხოვნები, წმინდა (1-2) | E12: =E10-E11 -> 0 | F12: =F10-F11 -> 0
B13: 00040 | C13: 4 | D13: სადაზღვევო მოთხოვნები ბროკერებისგან
B14: 00050 | C14: 5 | D14: მინუს: ბროკერების დებიტორების გაუფასურების რეზერვი
B15: 00060 | C15: 6 | D15: სადაზღვევო მოთხოვნები ბროკერებისგან, წმინდა (4-5) | E15: =E13-E14 -> 0 | F15: =F13-F14 -> 0
B16: 00070 | C16: 7 | D16: სადაზღვევო მოთხოვნები აგენტებისგან
B17: 00080 | C17: 8 | D17: მინუს: აგენტების დებიტორების გაუფასურების რეზერვი
B18: 00090 | C18: 9 | D18: სადაზღვევო მოთხოვნები აგენტებისგან, წმინდა (7-8) | E18: =E16-E17 -> 0 | F18: =F16-F17 -> 0
B19: 00100 | C19: სულ სადაზღვევო მოთხოვნები, წმინდა: (3+6+9) | E19: =E12+E15+E18 -> 0 | F19: =F12+F15+F18 -> 0
C21: გადაზღვევის მოთხოვნები
B23: 00110 | C23: 10 | D23: ანაზღაურებულ ზარალებთან დაკავშირებული მოთხოვნები გადაზღვევიდან
B24: 00120 | C24: 11 | D24: მინუს: გადაზღვევის დებიტორების გაუფასურების რეზერვი
B25: 00130 | C25: 12 | D25: ანაზღაურებულ ზარალებთან დაკავშირებული მოთხოვნები გადაზღვევიდან, წმინდა (10-11) | E25: =E23-E24 -> 0 | F25: =F23-F24 -> 0
B26: 00140 | C26: 13 | D26: სხვა მოთხოვნები გადაზღვევიდან
B27: 00150 | C27: 14 | D27: მინუს: გადაზღვევის დებიტორების გაუფასურების რეზერვი
B28: 00160 | C28: 15 | D28: სხვა მოთხოვნები გადაზღვევიდან, წმინდა (13-14) | E28: =E26-E27 -> 0 | F28: =F26-F27 -> 0
B29: 00170 | C29: 16 | D29: გადაზღვევის მოთხოვნები ბროკერებისგან
B30: 00180 | C30: 17 | D30: მინუს: ბროკერების დებიტორების გაუფასურების რეზერვი
B31: 00190 | C31: 18 | D31: გადაზღვევის მოთხოვნები ბროკერებისგან, წმინდა (16-17) | E31: =E29-E30 -> 0 | F31: =F29-F30 -> 0
B32: 00200 | C32: 19 | D32: გადაზღვევის მოთხოვნები აგენტებისგან
B33: 00210 | C33: 20 | D33: მინუს: აგენტების დებიტორების გაუფასურების რეზერვი
B34: 00220 | C34: 21 | D34: გადაზღვევის მოთხოვნები აგენტებისგან, წმინდა (19-20) | E34: =E32-E33 -> 0 | F34: =F32-F33 -> 0
B35: 00230 | C35: სულ გადაზღვევის მოთხოვნები, წმინდა: (12+15+18+21) | E35: =E25+E28+E31+E34 -> 0 | F35: =F25+F28+F31+F34 -> 0

Sheet BS-L
B1: მზღვეველი: | P1: ფორმა N1-5
B2: ანგარიშგების თარიღი:
D4: გაცემული სესხები
P5: ლარებში
B6: სტრიქონის კოდი | C6: N | E6: საანგარიშო პერიოდი | L6: გასული წლის შესაბამისი პერიოდი
E7: ლარი | F7: დოლარი | G7: ევრო | H7: სხვა | I7: სულ | J7: რეზერვი | K7: სულ (ნეტო) | L7: ლარი | M7: დოლარი | N7: ევრო | O7: სხვა | P7: სულ | Q7: რეზერვი | R7: სულ (ნეტო)
B9: 00010 | C9: 1 | D9: უზრუნველყოფილი სესხები (მოკლევადიანი) | E9: =E10+E31+E52+E73+E94+E115 -> 0 | F9: =F10+F31+F52+F73+F94+F115 -> 0 | G9: =G10+G31+G52+G73+G94+G115 -> 0 | H9: =H10+H31+H52+H73+H94+H115 -> 0 | I9: =I10+I31+I52+I73+I94+I115 -> 0 | J9: =J10+J31+J52+J73+J94+J115 -> 0 | K9: =K10+K31+K52+K73+K94+K115 -> 0 | L9: =L10+L31+L52+L73+L94+L115 -> 0 | ... R9: =R10+R31+R52+R73+R94+R115 -> 0
B10: 00020 | C10: 1.1 | D10: უძრავი ქონებით უზრუნველყოფილი | E10: =SUM(E11:E30) -> 0 | F10: =SUM(F11:F30) -> 0 | G10: =SUM(G11:G30) -> 0 | H10: =SUM(H11:H30) -> 0 | I10: =SUM(E10:H10) -> 0 | J10: =SUM(J11:J30) -> 0 | K10: =I10-J10 -> 0 | L10: =SUM(L11:L30) -> 0 | M10: =SUM(M11:M30) -> 0 | N10: =SUM(N11:N30) -> 0 | O10: =SUM(O11:O30) -> 0 | P10: =SUM(L10:O10) -> 0 | Q10: =SUM(Q11:Q30) -> 0 | R10: =P10-Q10 -> 0
B11: 00030 | C11: 1.1.1 | D11: მსესხებელი, უძრავი ქონების დასახელება და ადგილმდებარეობა | I11: =SUM(E11:H11) -> 0 | K11: =I11-J11 -> 0 | P11: =SUM(L11:O11) -> 0 | R11: =P11-Q11 -> 0
B12: 00040 | C12: 1.1.2 | D12: მსესხებელი, უძრავი ქონების დასახელება და ადგილმდებარეობა | I12: =SUM(E12:H12) -> 0 | K12: =I12-J12 -> 0 | P12: =SUM(L12:O12) -> 0 | R12: =P12-Q12 -> 0
B13: 00050 | C13: 1.1.3 | D13: მსესხებელი, უძრავი ქონების დასახელება და ადგილმდებარეობა | I13: =SUM(E13:H13) -> 0 | K13: =I13-J13 -> 0 | P13: =SUM(L13:O13) -> 0 | R13: =P13-Q13 -> 0
B14: 00060 | C14: 1.1.4 | D14: მსესხებელი, უძრავი ქონების დასახელება და ადგილმდებარეობა | I14: =SUM(E14:H14) -> 0 | K14: =I14-J14 -> 0 | P14: =SUM(L14:O14) -> 0 | R14: =P14-Q14 -> 0
B15: 00070 | C15: 1.1.5 | D15: მსესხებელი, უძრავი ქონების დასახელება და ადგილმდებარეობა | I15: =SUM(E15:H15) -> 0 | K15: =I15-J15 -> 0 | P15: =SUM(L15:O15) -> 0 | R15: =P15-Q15 -> 0
B16: 00080 | C16: 1.1.6 | D16: მსესხებელი, უძრავი ქონების დასახელება და ადგილმდებარეობა | I16: =SUM(E16:H16) -> 0 | K16: =I16-J16 -> 0 | P16: =SUM(L16:O16) -> 0 | R16: =P16-Q16 -> 0
B17: 00090 | C17: 1.1.7 | D17: მსესხებელი, უძრავი ქონების დასახელება და ადგილმდებარეობა | I17: =SUM(E17:H17) -> 0 | K17: =I17-J17 -> 0 | P17: =SUM(L17:O17) -> 0 | R17: =P17-Q17 -> 0
B18: 00100 | C18: 1.1.8 | D18: მსესხებელი, უძრავი ქონების დასახელება და ადგილმდებარეობა | I18: =SUM(E18:H18) -> 0 | K18: =I18-J18 -> 0 | P18: =SUM(L18:O18) -> 0 | R18: =P18-Q18 -> 0
B19: 00110 | C19: 1.1.9 | D19: მსესხებელი, უძრავი ქონების დასახელება და ადგილმდებარეობა | I19: =SUM(E19:H19) -> 0 | K19: =I19-J19 -> 0 | P19: =SUM(L19:O19) -> 0 | R19: =P19-Q19 -> 0
B20: 00120 | C20: 1.1.10 | D20: მსესხებელი, უძრავი ქონების დასახელება და ადგილმდებარეობა | I20: =SUM(E20:H20) -> 0 | K20: =I20-J20 -> 0 | P20: =SUM(L20:O20) -> 0 | R20: =P20-Q20 -> 0
B21: 00130 | C21: 1.1.11 | D21: მსესხებელი, უძრავი ქონების დასახელება და ადგილმდებარეობა | I21: =SUM(E21:H21) -> 0 | K21: =I21-J21 -> 0 | P21: =SUM(L21:O21) -> 0 | R21: =P21-Q21 -> 0
B22: 00140 | C22: 1.1.12 | D22: მსესხებელი, უძრავი ქონების დასახელება და ადგილმდებარეობა | I22: =SUM(E22:H22) -> 0 | K22: =I22-J22 -> 0 | P22: =SUM(L22:O22) -> 0 | R22: =P22-Q22 -> 0
... B30: 00220 | C30: 1.1.20 | D30: მსესხებელი, უძრავი ქონების დასახელება და ადგილმდებარეობა | I30: =SUM(E30:H30) -> 0 | K30: =I30-J30 -> 0 | P30: =SUM(L30:O30) -> 0 | R30: =P30-Q30 -> 0
B31: 00230 | C31: 1.2 | D31: უძრავი ქონებით უზრუნველყოფილ სესხებზე დარიცხული % | E31: =SUM(E32:E51) -> 0 | F31: =SUM(F32:F51) -> 0 | G31: =SUM(G32:G51) -> 0 | H31: =SUM(H32:H51) -> 0 | I31: =SUM(E31:H31) -> 0 | J31: =SUM(J32:J51) -> 0 | K31: =I31-J31 -> 0 | L31: =SUM(L32:L51) -> 0 | M31: =SUM(M32:M51) -> 0 | N31: =SUM(N32:N51) -> 0 | O31: =SUM(O32:O51) -> 0 | P31: =SUM(L31:O31) -> 0 | Q31: =SUM(Q32:Q51) -> 0 | R31: =P31-Q31 -> 0
B32: 00240 | C32: 1.2.1 | D32: მსესხებელი, უძრავი ქონების დასახელება და ადგილმდებარეობა | I32: =SUM(E32:H32) -> 0 | K32: =I32-J32 -> 0 | P32: =SUM(L32:O32) -> 0 | R32: =P32-Q32 -> 0
B33: 00250 | C33: 1.2.2 | D33: მსესხებელი, უძრავი ქონების დასახელება და ადგილმდებარეობა | I33: =SUM(E33:H33) -> 0 | K33: =I33-J33 -> 0 | P33: =SUM(L33:O33) -> 0 | R33: =P33-Q33 -> 0
B34: 00260 | C34: 1.2.3 | D34: მსესხებელი, უძრავი ქონების დასახელება და ადგილმდებარეობა | I34: =SUM(E34:H34) -> 0 | K34: =I34-J34 -> 0 | P34: =SUM(L34:O34) -> 0 | R34: =P34-Q34 -> 0
B35: 00270 | C35: 1.2.4 | D35: მსესხებელი, უძრავი ქონების დასახელება და ადგილმდებარეობა | I35: =SUM(E35:H35) -> 0 | K35: =I35-J35 -> 0 | P35: =SUM(L35:O35) -> 0 | R35: =P35-Q35 -> 0
B36: 00280 | C36: 1.2.5 | D36: მსესხებელი, უძრავი ქონების დასახელება და ადგილმდებარეობა | I36: =SUM(E36:H36) -> 0 | K36: =I36-J36 -> 0 | P36: =SUM(L36:O36) -> 0 | R36: =P36-Q36 -> 0
B37: 00290 | C37: 1.2.6 | D37: მსესხებელი, უძრავი ქონების დასახელება და ადგილმდებარეობა | I37: =SUM(E37:H37) -> 0 | K37: =I37-J37 -> 0 | P37: =SUM(L37:O37) -> 0 | R37: =P37-Q37 -> 0
B38: 00300 | C38: 1.2.7 | D38: მსესხებელი, უძრავი ქონების დასახელება და ადგილმდებარეობა | I38: =SUM(E38:H38) -> 0 | K38: =I38-J38 -> 0 | P38: =SUM(L38:O38) -> 0 | R38: =P38-Q38 -> 0
B39: 00310 | C39: 1.2.8 | D39: მსესხებელი, უძრავი ქონების დასახელება და ადგილმდებარეობა | I39: =SUM(E39:H39) -> 0 | K39: =I39-J39 -> 0 | P39: =SUM(L39:O39) -> 0 | R39: =P39-Q39 -> 0
B40: 00320 | C40: 1.2.9 | D40: მსესხებელი, უძრავი ქონების დასახელება და ადგილმდებარეობა | I40: =SUM(E40:H40) -> 0 | K40: =I40-J40 -> 0 | P40: =SUM(L40:O40) -> 0 | R40: =P40-Q40 -> 0
B41: 00330 | C41: 1.2.10 | D41: მსესხებელი, უძრავი ქონების დასახელება და ადგილმდებარეობა | I41: =SUM(E41:H41) -> 0 | K41: =I41-J41 -> 0 | P41: =SUM(L41:O41) -> 0 | R41: =P41-Q41 -> 0
B42: 00340 | C42: 1.2.11 | D42: მსესხებელი, უძრავი ქონების დასახელება და ადგილმდებარეობა | I42: =SUM(E42:H42) -> 0 | K42: =I42-J42 -> 0 | P42: =SUM(L42:O42) -> 0 | R42: =P42-Q42 -> 0
B43: 00350 | C43: 1.2.12 | D43: მსესხებელი, უძრავი ქონების დასახელება და ადგილმდებარეობა | I43: =SUM(E43:H43) -> 0 | K43: =I43-J43 -> 0 | P43: =SUM(L43:O43) -> 0 | R43: =P43-Q43 -> 0
... B51: 00430 | C51: 1.2.20 | D51: მსესხებელი, უძრავი ქონების დასახელება და ადგილმდებარეობა | I51: =SUM(E51:H51) -> 0 | K51: =I51-J51 -> 0 | P51: =SUM(L51:O51) -> 0 | R51: =P51-Q51 -> 0
B52: 00440 | C52: 1.3 | D52: ფასიანი ქაღალდებით უზრუნველყოფილი | E52: =SUM(E53:E72) -> 0 | F52: =SUM(F53:F72) -> 0 | G52: =SUM(G53:G72) -> 0 | H52: =SUM(H53:H72) -> 0 | I52: =SUM(E52:H52) -> 0 | J52: =SUM(J53:J72) -> 0 | K52: =I52-J52 -> 0 | L52: =SUM(L53:L72) -> 0 | M52: =SUM(M53:M72) -> 0 | N52: =SUM(N53:N72) -> 0 | O52: =SUM(O53:O72) -> 0 | P52: =SUM(L52:O52) -> 0 | Q52: =SUM(Q53:Q72) -> 0 | R52: =P52-Q52 -> 0
B53: 00450 | C53: 1.3.1 | D53: მსესხებელი, ფასიანი ქაღალდის ტიპი, ემიტენტი | I53: =SUM(E53:H53) -> 0 | K53: =I53-J53 -> 0 | P53: =SUM(L53:O53) -> 0 | R53: =P53-Q53 -> 0
B54: 00460 | C54: 1.3.2 | D54: მსესხებელი, ფასიანი ქაღალდის ტიპი, ემიტენტი | I54: =SUM(E54:H54) -> 0 | K54: =I54-J54 -> 0 | P54: =SUM(L54:O54) -> 0 | R54: =P54-Q54 -> 0
B55: 00470 | C55: 1.3.3 | D55: მსესხებელი, ფასიანი ქაღალდის ტიპი, ემიტენტი | I55: =SUM(E55:H55) -> 0 | K55: =I55-J55 -> 0 | P55: =SUM(L55:O55) -> 0 | R55: =P55-Q55 -> 0
B56: 00480 | C56: 1.3.4 | D56: მსესხებელი, ფასიანი ქაღალდის ტიპი, ემიტენტი | I56: =SUM(E56:H56) -> 0 | K56: =I56-J56 -> 0 | P56: =SUM(L56:O56) -> 0 | R56: =P56-Q56 -> 0
B57: 00490 | C57: 1.3.5 | D57: მსესხებელი, ფასიანი ქაღალდის ტიპი, ემიტენტი | I57: =SUM(E57:H57) -> 0 | K57: =I57-J57 -> 0 | P57: =SUM(L57:O57) -> 0 | R57: =P57-Q57 -> 0
B58: 00500 | C58: 1.3.6 | D58: მსესხებელი, ფასიანი ქაღალდის ტიპი, ემიტენტი | I58: =SUM(E58:H58) -> 0 | K58: =I58-J58 -> 0 | P58: =SUM(L58:O58) -> 0 | R58: =P58-Q58 -> 0
B59: 00510 | C59: 1.3.7 | D59: მსესხებელი, ფასიანი ქაღალდის ტიპი, ემიტენტი | I59: =SUM(E59:H59) -> 0 | K59: =I59-J59 -> 0 | P59: =SUM(L59:O59) -> 0 | R59: =P59-Q59 -> 0
B60: 00520 | C60: 1.3.8 | D60: მსესხებელი, ფასიანი ქაღალდის ტიპი, ემიტენტი | I60: =SUM(E60:H60) -> 0 | K60: =I60-J60 -> 0 | P60: =SUM(L60:O60) -> 0 | R60: =P60-Q60 -> 0
B61: 00530 | C61: 1.3.9 | D61: მსესხებელი, ფასიანი ქაღალდის ტიპი, ემიტენტი | I61: =SUM(E61:H61) -> 0 | K61: =I61-J61 -> 0 | P61: =SUM(L61:O61) -> 0 | R61: =P61-Q61 -> 0
B62: 00540 | C62: 1.3.10 | D62: მსესხებელი, ფასიანი ქაღალდის ტიპი, ემიტენტი | I62: =SUM(E62:H62) -> 0 | K62: =I62-J62 -> 0 | P62: =SUM(L62:O62) -> 0 | R62: =P62-Q62 -> 0
B63: 00550 | C63: 1.3.11 | D63: მსესხებელი, ფასიანი ქაღალდის ტიპი, ემიტენტი | I63: =SUM(E63:H63) -> 0 | K63: =I63-J63 -> 0 | P63: =SUM(L63:O63) -> 0 | R63: =P63-Q63 -> 0
B64: 00560 | C64: 1.3.12 | D64: მსესხებელი, ფასიანი ქაღალდის ტიპი, ემიტენტი | I64: =SUM(E64:H64) -> 0 | K64: =I64-J64 -> 0 | P64: =SUM(L64:O64) -> 0 | R64: =P64-Q64 -> 0
... B72: 00640 | C72: 1.3.20 | D72: მსესხებელი, ფასიანი ქაღალდის ტიპი, ემიტენტი | I72: =SUM(E72:H72) -> 0 | K72: =I72-J72 -> 0 | P72: =SUM(L72:O72) -> 0 | R72: =P72-Q72 -> 0
B73: 00650 | C73: 1.4 | D73: ფასიანი ქაღალდებით უზრუნველყოფილ სესხებზე დარიცხული % | E73: =SUM(E74:E93) -> 0 | F73: =SUM(F74:F93) -> 0 | G73: =SUM(G74:G93) -> 0 | H73: =SUM(H74:H93) -> 0 | I73: =SUM(E73:H73) -> 0 | J73: =SUM(J74:J93) -> 0 | K73: =I73-J73 -> 0 | L73: =SUM(L74:L93) -> 0 | M73: =SUM(M74:M93) -> 0 | N73: =SUM(N74:N93) -> 0 | O73: =SUM(O74:O93) -> 0 | P73: =SUM(L73:O73) -> 0 | Q73: =SUM(Q74:Q93) -> 0 | R73: =P73-Q73 -> 0
B74: 00660 | C74: 1.4.1 | D74: მსესხებელი, ფასიანი ქაღალდის ტიპი, ემიტენტი | I74: =SUM(E74:H74) -> 0 | K74: =I74-J74 -> 0 | P74: =SUM(L74:O74) -> 0 | R74: =P74-Q74 -> 0
B75: 00670 | C75: 1.4.2 | D75: მსესხებელი, ფასიანი ქაღალდის ტიპი, ემიტენტი | I75: =SUM(E75:H75) -> 0 | K75: =I75-J75 -> 0 | P75: =SUM(L75:O75) -> 0 | R75: =P75-Q75 -> 0
B76: 00680 | C76: 1.4.3 | D76: მსესხებელი, ფასიანი ქაღალდის ტიპი, ემიტენტი | I76: =SUM(E76:H76) -> 0 | K76: =I76-J76 -> 0 | P76: =SUM(L76:O76) -> 0 | R76: =P76-Q76 -> 0
B77: 00690 | C77: 1.4.4 | D77: მსესხებელი, ფასიანი ქაღალდის ტიპი, ემიტენტი | I77: =SUM(E77:H77) -> 0 | K77: =I77-J77 -> 0 | P77: =SUM(L77:O77) -> 0 | R77: =P77-Q77 -> 0
B78: 00700 | C78: 1.4.5 | D78: მსესხებელი, ფასიანი ქაღალდის ტიპი, ემიტენტი | I78: =SUM(E78:H78) -> 0 | K78: =I78-J78 -> 0 | P78: =SUM(L78:O78) -> 0 | R78: =P78-Q78 -> 0
B79: 00710 | C79: 1.4.6 | D79: მსესხებელი, ფასიანი ქაღალდის ტიპი, ემიტენტი | I79: =SUM(E79:H79) -> 0 | K79: =I79-J79 -> 0 | P79: =SUM(L79:O79) -> 0 | R79: =P79-Q79 -> 0
B80: 00720 | C80: 1.4.7 | D80: მსესხებელი, ფასიანი ქაღალდის ტიპი, ემიტენტი | I80: =SUM(E80:H80) -> 0 | K80: =I80-J80 -> 0 | P80: =SUM(L80:O80) -> 0 | R80: =P80-Q80 -> 0
B81: 00730 | C81: 1.4.8 | D81: მსესხებელი, ფასიანი ქაღალდის ტიპი, ემიტენტი | I81: =SUM(E81:H81) -> 0 | K81: =I81-J81 -> 0 | P81: =SUM(L81:O81) -> 0 | R81: =P81-Q81 -> 0
B82: 00740 | C82: 1.4.9 | D82: მსესხებელი, ფასიანი ქაღალდის ტიპი, ემიტენტი | I82: =SUM(E82:H82) -> 0 | K82: =I82-J82 -> 0 | P82: =SUM(L82:O82) -> 0 | R82: =P82-Q82 -> 0
B83: 00750 | C83: 1.4.10 | D83: მსესხებელი, ფასიანი ქაღალდის ტიპი, ემიტენტი | I83: =SUM(E83:H83) -> 0 | K83: =I83-J83 -> 0 | P83: =SUM(L83:O83) -> 0 | R83: =P83-Q83 -> 0
B84: 00760 | C84: 1.4.11 | D84: მსესხებელი, ფასიანი ქაღალდის ტიპი, ემიტენტი | I84: =SUM(E84:H84) -> 0 | K84: =I84-J84 -> 0 | P84: =SUM(L84:O84) -> 0 | R84: =P84-Q84 -> 0
B85: 00770 | C85: 1.4.12 | D85: მსესხებელი, ფასიანი ქაღალდის ტიპი, ემიტენტი | I85: =SUM(E85:H85) -> 0 | K85: =I85-J85 -> 0 | P85: =SUM(L85:O85) -> 0 | R85: =P85-Q85 -> 0
... B93: 00850 | C93: 1.4.20 | D93: მსესხებელი, ფასიანი ქაღალდის ტიპი, ემიტენტი | I93: =SUM(E93:H93) -> 0 | K93: =I93-J93 -> 0 | P93: =SUM(L93:O93) -> 0 | R93: =P93-Q93 -> 0
B94: 00860 | C94: 1.5 | D94: ფულადი სახსრებით უზრუნველყოფილი სესხები | E94: =SUM(E95:E114) -> 0 | F94: =SUM(F95:F114) -> 0 | G94: =SUM(G95:G114) -> 0 | H94: =SUM(H95:H114) -> 0 | I94: =SUM(E94:H94) -> 0 | J94: =SUM(J95:J114) -> 0 | K94: =I94-J94 -> 0 | L94: =SUM(L95:L114) -> 0 | M94: =SUM(M95:M114) -> 0 | N94: =SUM(N95:N114) -> 0 | O94: =SUM(O95:O114) -> 0 | P94: =SUM(L94:O94) -> 0 | Q94: =SUM(Q95:Q114) -> 0 | R94: =P94-Q94 -> 0
B95: 00870 | C95: 1.5.1 | D95: მსესხებელი, უზრუნველყოფის საგნის დასახელება | I95: =SUM(E95:H95) -> 0 | K95: =I95-J95 -> 0 | P95: =SUM(L95:O95) -> 0 | R95: =P95-Q95 -> 0
B96: 00880 | C96: 1.5.2 | D96: მსესხებელი, უზრუნველყოფის საგნის დასახელება | I96: =SUM(E96:H96) -> 0 | K96: =I96-J96 -> 0 | P96: =SUM(L96:O96) -> 0 | R96: =P96-Q96 -> 0
B97: 00890 | C97: 1.5.3 | D97: მსესხებელი, უზრუნველყოფის საგნის დასახელება | I97: =SUM(E97:H97) -> 0 | K97: =I97-J97 -> 0 | P97: =SUM(L97:O97) -> 0 | R97: =P97-Q97 -> 0
B98: 00900 | C98: 1.5.4 | D98: მსესხებელი, უზრუნველყოფის საგნის დასახელება | I98: =SUM(E98:H98) -> 0 | K98: =I98-J98 -> 0 | P98: =SUM(L98:O98) -> 0 | R98: =P98-Q98 -> 0
B99: 00910 | C99: 1.5.5 | D99: მსესხებელი, უზრუნველყოფის საგნის დასახელება | I99: =SUM(E99:H99) -> 0 | K99: =I99-J99 -> 0 | P99: =SUM(L99:O99) -> 0 | R99: =P99-Q99 -> 0
B100: 00920 | C100: 1.5.6 | D100: მსესხებელი, უზრუნველყოფის საგნის დასახელება | I100: =SUM(E100:H100) -> 0 | K100: =I100-J100 -> 0 | P100: =SUM(L100:O100) -> 0 | R100: =P100-Q100 -> 0
B101: 00930 | C101: 1.5.7 | D101: მსესხებელი, უზრუნველყოფის საგნის დასახელება | I101: =SUM(E101:H101) -> 0 | K101: =I101-J101 -> 0 | P101: =SUM(L101:O101) -> 0 | R101: =P101-Q101 -> 0
B102: 00940 | C102: 1.5.8 | D102: მსესხებელი, უზრუნველყოფის საგნის დასახელება | I102: =SUM(E102:H102) -> 0 | K102: =I102-J102 -> 0 | P102: =SUM(L102:O102) -> 0 | R102: =P102-Q102 -> 0
B103: 00950 | C103: 1.5.9 | D103: მსესხებელი, უზრუნველყოფის საგნის დასახელება | I103: =SUM(E103:H103) -> 0 | K103: =I103-J103 -> 0 | P103: =SUM(L103:O103) -> 0 | R103: =P103-Q103 -> 0
B104: 00960 | C104: 1.5.10 | D104: მსესხებელი, უზრუნველყოფის საგნის დასახელება | I104: =SUM(E104:H104) -> 0 | K104: =I104-J104 -> 0 | P104: =SUM(L104:O104) -> 0 | R104: =P104-Q104 -> 0
B105: 00970 | C105: 1.5.11 | D105: მსესხებელი, უზრუნველყოფის საგნის დასახელება | I105: =SUM(E105:H105) -> 0 | K105: =I105-J105 -> 0 | P105: =SUM(L105:O105) -> 0 | R105: =P105-Q105 -> 0
B106: 00980 | C106: 1.5.12 | D106: მსესხებელი, უზრუნველყოფის საგნის დასახელება | I106: =SUM(E106:H106) -> 0 | K106: =I106-J106 -> 0 | P106: =SUM(L106:O106) -> 0 | R106: =P106-Q106 -> 0
... B114: 01060 | C114: 1.5.20 | D114: მსესხებელი, უზრუნველყოფის საგნის დასახელება | I114: =SUM(E114:H114) -> 0 | K114: =I114-J114 -> 0 | P114: =SUM(L114:O114) -> 0 | R114: =P114-Q114 -> 0
B115: 01070 | C115: 1.6 | D115: ფულადი სახსრებით უზრუნველყოფილ სესხებზე დარიცხული % | E115: =SUM(E116:E135) -> 0 | F115: =SUM(F116:F135) -> 0 | G115: =SUM(G116:G135) -> 0 | H115: =SUM(H116:H135) -> 0 | I115: =SUM(E115:H115) -> 0 | J115: =SUM(J116:J135) -> 0 | K115: =I115-J115 -> 0 | L115: =SUM(L116:L135) -> 0 | M115: =SUM(M116:M135) -> 0 | N115: =SUM(N116:N135) -> 0 | O115: =SUM(O116:O135) -> 0 | P115: =SUM(L115:O115) -> 0 | Q115: =SUM(Q116:Q135) -> 0 | R115: =P115-Q115 -> 0
B116: 01080 | C116: 1.6.1 | D116: მსესხებელი, უზრუნველყოფის საგნის დასახელება | I116: =SUM(E116:H116) -> 0 | K116: =I116-J116 -> 0 | P116: =SUM(L116:O116) -> 0 | R116: =P116-Q116 -> 0
B117: 01090 | C117: 1.6.2 | D117: მსესხებელი, უზრუნველყოფის საგნის დასახელება | I117: =SUM(E117:H117) -> 0 | K117: =I117-J117 -> 0 | P117: =SUM(L117:O117) -> 0 | R117: =P117-Q117 -> 0
B118: 01100 | C118: 1.6.3 | D118: მსესხებელი, უზრუნველყოფის საგნის დასახელება | I118: =SUM(E118:H118) -> 0 | K118: =I118-J118 -> 0 | P118: =SUM(L118:O118) -> 0 | R118: =P118-Q118 -> 0
B119: 01110 | C119: 1.6.4 | D119: მსესხებელი, უზრუნველყოფის საგნის დასახელება | I119: =SUM(E119:H119) -> 0 | K119: =I119-J119 -> 0 | P119: =SUM(L119:O119) -> 0 | R119: =P119-Q119 -> 0
B120: 01120 | C120: 1.6.5 | D120: მსესხებელი, უზრუნველყოფის საგნის დასახელება | I120: =SUM(E120:H120) -> 0 | K120: =I120-J120 -> 0 | P120: =SUM(L120:O120) -> 0 | R120: =P120-Q120 -> 0
B121: 01130 | C121: 1.6.6 | D121: მსესხებელი, უზრუნველყოფის საგნის დასახელება | I121: =SUM(E121:H121) -> 0 | K121: =I121-J121 -> 0 | P121: =SUM(L121:O121) -> 0 | R121: =P121-Q121 -> 0
B122: 01140 | C122: 1.6.7 | D122: მსესხებელი, უზრუნველყოფის საგნის დასახელება | I122: =SUM(E122:H122) -> 0 | K122: =I122-J122 -> 0 | P122: =SUM(L122:O122) -> 0 | R122: =P122-Q122 -> 0
B123: 01150 | C123: 1.6.8 | D123: მსესხებელი, უზრუნველყოფის საგნის დასახელება | I123: =SUM(E123:H123) -> 0 | K123: =I123-J123 -> 0 | P123: =SUM(L123:O123) -> 0 | R123: =P123-Q123 -> 0
B124: 01160 | C124: 1.6.9 | D124: მსესხებელი, უზრუნველყოფის საგნის დასახელება | I124: =SUM(E124:H124) -> 0 | K124: =I124-J124 -> 0 | P124: =SUM(L124:O124) -> 0 | R124: =P124-Q124 -> 0
B125: 01170 | C125: 1.6.10 | D125: მსესხებელი, უზრუნველყოფის საგნის დასახელება | I125: =SUM(E125:H125) -> 0 | K125: =I125-J125 -> 0 | P125: =SUM(L125:O125) -> 0 | R125: =P125-Q125 -> 0
B126: 01180 | C126: 1.6.11 | D126: მსესხებელი, უზრუნველყოფის საგნის დასახელება | I126: =SUM(E126:H126) -> 0 | K126: =I126-J126 -> 0 | P126: =SUM(L126:O126) -> 0 | R126: =P126-Q126 -> 0
B127: 01190 | C127: 1.6.12 | D127: მსესხებელი, უზრუნველყოფის საგნის დასახელება | I127: =SUM(E127:H127) -> 0 | K127: =I127-J127 -> 0 | P127: =SUM(L127:O127) -> 0 | R127: =P127-Q127 -> 0
... B135: 01270 | C135: 1.6.20 | D135: მსესხებელი, უზრუნველყოფის საგნის დასახელება | I135: =SUM(E135:H135) -> 0 | K135: =I135-J135 -> 0 | P135: =SUM(L135:O135) -> 0 | R135: =P135-Q135 -> 0
B136: 01280 | C136: 2 | D136: უზრუნველყოფილი სესხების (გრძელვადიანი) მიმდინარე წილი | E136: =E137+E158+E179+E200+E221+E242 -> 0 | F136: =F137+F158+F179+F200+F221+F242 -> 0 | G136: =G137+G158+G179+G200+G221+G242 -> 0 | H136: =H137+H158+H179+H200+H221+H242 -> 0 | I136: =I137+I158+I179+I200+I221+I242 -> 0 | J136: =J137+J158+J179+J200+J221+J242 -> 0 | K136: =K137+K158+K179+K200+K221+K242 -> 0 | L136: =L137+L158+L179+L200+L221+L242 -> 0 | ... R136: =R137+R158+R179+R200+R221+R242 -> 0
B137: 01290 | C137: 2.1 | D137: უძრავი ქონებით უზრუნველყოფილი | E137: =SUM(E138:E157) -> 0 | F137: =SUM(F138:F157) -> 0 | G137: =SUM(G138:G157) -> 0 | H137: =SUM(H138:H157) -> 0 | I137: =SUM(E137:H137) -> 0 | J137: =SUM(J138:J157) -> 0 | K137: =I137-J137 -> 0 | L137: =SUM(L138:L157) -> 0 | M137: =SUM(M138:M157) -> 0 | N137: =SUM(N138:N157) -> 0 | O137: =SUM(O138:O157) -> 0 | P137: =SUM(L137:O137) -> 0 | Q137: =SUM(Q138:Q157) -> 0 | R137: =P137-Q137 -> 0
B138: 01300 | C138: 2.1.1 | D138: მსესხებელი, უძრავი ქონების დასახელება და ადგილმდებარეობა | I138: =SUM(E138:H138) -> 0 | K138: =I138-J138 -> 0 | P138: =SUM(L138:O138) -> 0 | R138: =P138-Q138 -> 0
B139: 01310 | C139: 2.1.2 | D139: მსესხებელი, უძრავი ქონების დასახელება და ადგილმდებარეობა | I139: =SUM(E139:H139) -> 0 | K139: =I139-J139 -> 0 | P139: =SUM(L139:O139) -> 0 | R139: =P139-Q139 -> 0
B140: 01320 | C140: 2.1.3 | D140: მსესხებელი, უძრავი ქონების დასახელება და ადგილმდებარეობა | I140: =SUM(E140:H140) -> 0 | K140: =I140-J140 -> 0 | P140: =SUM(L140:O140) -> 0 | R140: =P140-Q140 -> 0
B141: 01330 | C141: 2.1.4 | D141: მსესხებელი, უძრავი ქონების დასახელება და ადგილმდებარეობა | I141: =SUM(E141:H141) -> 0 | K141: =I141-J141 -> 0 | P141: =SUM(L141:O141) -> 0 | R141: =P141-Q141 -> 0
B142: 01340 | C142: 2.1.5 | D142: მსესხებელი, უძრავი ქონების დასახელება და ადგილმდებარეობა | I142: =SUM(E142:H142) -> 0 | K142: =I142-J142 -> 0 | P142: =SUM(L142:O142) -> 0 | R142: =P142-Q142 -> 0
B143: 01350 | C143: 2.1.6 | D143: მსესხებელი, უძრავი ქონების დასახელება და ადგილმდებარეობა | I143: =SUM(E143:H143) -> 0 | K143: =I143-J143 -> 0 | P143: =SUM(L143:O143) -> 0 | R143: =P143-Q143 -> 0
B144: 01360 | C144: 2.1.7 | D144: მსესხებელი, უძრავი ქონების დასახელება და ადგილმდებარეობა | I144: =SUM(E144:H144) -> 0 | K144: =I144-J144 -> 0 | P144: =SUM(L144:O144) -> 0 | R144: =P144-Q144 -> 0
...

Sheet BS-I
B1: მზღვეველი: | E1: ფორმა N1-6
B2: ანგარიშგების თარიღი:
D4: ინვესტიციები მეკავშირე და შვილობილ კომპანიებში
E5: ლარებში
B6: სტრიქონის კოდი | C6: N | E6: საანგარიშო პერიოდი | F6: გასული წლის შესაბამისი პერიოდი
C8: მეკავშირე კომპანიები
B10: 00010 | C10: 1 | D10: მონაწილეობა კაპიტალში | E10: =SUM(E11:E30) -> 0 | F10: =SUM(F11:F30) -> 0
B11: 00020 | C11: 1.1 | D11: წილობრივი ინსტრუმენტის დასახელება, ემიტენტი, რეგისტრაციის ქვეყანა
B12: 00030 | C12: 1.2 | D12: წილობრივი ინსტრუმენტის დასახელება, ემიტენტი, რეგისტრაციის ქვეყანა
B13: 00040 | C13: 1.3 | D13: წილობრივი ინსტრუმენტის დასახელება, ემიტენტი, რეგისტრაციის ქვეყანა
B14: 00050 | C14: 1.4 | D14: წილობრივი ინსტრუმენტის დასახელება, ემიტენტი, რეგისტრაციის ქვეყანა
B15: 00060 | C15: 1.5 | D15: წილობრივი ინსტრუმენტის დასახელება, ემიტენტი, რეგისტრაციის ქვეყანა
B16: 00070 | C16: 1.6 | D16: წილობრივი ინსტრუმენტის დასახელება, ემიტენტი, რეგისტრაციის ქვეყანა
B17: 00080 | C17: 1.7 | D17: წილობრივი ინსტრუმენტის დასახელება, ემიტენტი, რეგისტრაციის ქვეყანა
B18: 00090 | C18: 1.8 | D18: წილობრივი ინსტრუმენტის დასახელება, ემიტენტი, რეგისტრაციის ქვეყანა
B19: 00100 | C19: 1.9 | D19: წილობრივი ინსტრუმენტის დასახელება, ემიტენტი, რეგისტრაციის ქვეყანა
B20: 00110 | C20: 1.10 | D20: წილობრივი ინსტრუმენტის დასახელება, ემიტენტი, რეგისტრაციის ქვეყანა
B21: 00120 | C21: 1.11 | D21: წილობრივი ინსტრუმენტის დასახელება, ემიტენტი, რეგისტრაციის ქვეყანა
B22: 00130 | C22: 1.12 | D22: წილობრივი ინსტრუმენტის დასახელება, ემიტენტი, რეგისტრაციის ქვეყანა
B23: 00140 | C23: 1.13 | D23: წილობრივი ინსტრუმენტის დასახელება, ემიტენტი, რეგისტრაციის ქვეყანა
... B30: 00210 | C30: 1.20 | D30: წილობრივი ინსტრუმენტის დასახელება, ემიტენტი, რეგისტრაციის ქვეყანა
B31: 00220 | C31: 2 | D31: სასესხო ფასიანი ქაღალდები | E31: =E32+E53+E74+E95+E116+E137 -> 0 | F31: =F32+F53+F74+F95+F116+F137 -> 0
B32: 00230 | C32: 2.1 | D32: სასესხო ფასიანი ქაღალდები (მოკლევადიანი) | E32: =SUM(E33:E52) -> 0 | F32: =SUM(F33:F52) -> 0
B33: 00240 | C33: 2.1.1 | D33: სასესხო ფასიანი ქაღალდის დასახელება, ემიტენტი, რეგისტრაციის ქვეყანა
B34: 00250 | C34: 2.1.2 | D34: სასესხო ფასიანი ქაღალდის დასახელება, ემიტენტი, რეგისტრაციის ქვეყანა
B35: 00260 | C35: 2.1.3 | D35: სასესხო ფასიანი ქაღალდის დასახელება, ემიტენტი, რეგისტრაციის ქვეყანა
B36: 00270 | C36: 2.1.4 | D36: სასესხო ფასიანი ქაღალდის დასახელება, ემიტენტი, რეგისტრაციის ქვეყანა
B37: 00280 | C37: 2.1.5 | D37: სასესხო ფასიანი ქაღალდის დასახელება, ემიტენტი, რეგისტრაციის ქვეყანა
B38: 00290 | C38: 2.1.6 | D38: სასესხო ფასიანი ქაღალდის დასახელება, ემიტენტი, რეგისტრაციის ქვეყანა
B39: 00300 | C39: 2.1.7 | D39: სასესხო ფასიანი ქაღალდის დასახელება, ემიტენტი, რეგისტრაციის ქვეყანა
B40: 00310 | C40: 2.1.8 | D40: სასესხო ფასიანი ქაღალდის დასახელება, ემიტენტი, რეგისტრაციის ქვეყანა
B41: 00320 | C41: 2.1.9 | D41: სასესხო ფასიანი ქაღალდის დასახელება, ემიტენტი, რეგისტრაციის ქვეყანა
B42: 00330 | C42: 2.1.10 | D42: სასესხო ფასიანი ქაღალდის დასახელება, ემიტენტი, რეგისტრაციის ქვეყანა
B43: 00340 | C43: 2.1.11 | D43: სასესხო ფასიანი ქაღალდის დასახელება, ემიტენტი, რეგისტრაციის ქვეყანა
B44: 00350 | C44: 2.1.12 | D44: სასესხო ფასიანი ქაღალდის დასახელება, ემიტენტი, რეგისტრაციის ქვეყანა
... B52: 00430 | C52: 2.1.20 | D52: სასესხო ფასიანი ქაღალდის დასახელება, ემიტენტი, რეგისტრაციის ქვეყანა
B53: 00440 | C53: 2.2 | D53: სასესხო ფასიან ქაღალდებზე (მოკლევადიანი) დარიცხული % | E53: =SUM(E54:E73) -> 0 | F53: =SUM(F54:F73) -> 0
B54: 00450 | C54: 2.2.1 | D54: სასესხო ფასიანი ქაღალდის დასახელება, ემიტენტი, რეგისტრაციის ქვეყანა
B55: 00460 | C55: 2.2.2 | D55: სასესხო ფასიანი ქაღალდის დასახელება, ემიტენტი, რეგისტრაციის ქვეყანა
B56: 00470 | C56: 2.2.3 | D56: სასესხო ფასიანი ქაღალდის დასახელება, ემიტენტი, რეგისტრაციის ქვეყანა
B57: 00480 | C57: 2.2.4 | D57: სასესხო ფასიანი ქაღალდის დასახელება, ემიტენტი, რეგისტრაციის ქვეყანა
B58: 00490 | C58: 2.2.5 | D58: სასესხო ფასიანი ქაღალდის დასახელება, ემიტენტი, რეგისტრაციის ქვეყანა
B59: 00500 | C59: 2.2.6 | D59: სასესხო ფასიანი ქაღალდის დასახელება, ემიტენტი, რეგისტრაციის ქვეყანა
B60: 00510 | C60: 2.2.7 | D60: სასესხო ფასიანი ქაღალდის დასახელება, ემიტენტი, რეგისტრაციის ქვეყანა
B61: 00520 | C61: 2.2.8 | D61: სასესხო ფასიანი ქაღალდის დასახელება, ემიტენტი, რეგისტრაციის ქვეყანა
B62: 00530 | C62: 2.2.9 | D62: სასესხო ფასიანი ქაღალდის დასახელება, ემიტენტი, რეგისტრაციის ქვეყანა
B63: 00540 | C63: 2.2.10 | D63: სასესხო ფასიანი ქაღალდის დასახელება, ემიტენტი, რეგისტრაციის ქვეყანა
B64: 00550 | C64: 2.2.11 | D64: სასესხო ფასიანი ქაღალდის დასახელება, ემიტენტი, რეგისტრაციის ქვეყანა
B65: 00560 | C65: 2.2.12 | D65: სასესხო ფასიანი ქაღალდის დასახელება, ემიტენტი, რეგისტრაციის ქვეყანა
... B73: 00640 | C73: 2.2.20 | D73: სასესხო ფასიანი ქაღალდის დასახელება, ემიტენტი, რეგისტრაციის ქვეყანა
B74: 00650 | C74: 2.3 | D74: სასესხო ფასიანი ქაღალდების (გრძელვადიანი) მიმდინარე წილი | E74: =SUM(E75:E94) -> 0 | F74: =SUM(F75:F94) -> 0
B75: 00660 | C75: 2.3.1 | D75: სასესხო ფასიანი ქაღალდის დასახელება, ემიტენტი, რეგისტრაციის ქვეყანა
B76: 00670 | C76: 2.3.2 | D76: სასესხო ფასიანი ქაღალდის დასახელება, ემიტენტი, რეგისტრაციის ქვეყანა
B77: 00680 | C77: 2.3.3 | D77: სასესხო ფასიანი ქაღალდის დასახელება, ემიტენტი, რეგისტრაციის ქვეყანა
B78: 00690 | C78: 2.3.4 | D78: სასესხო ფასიანი ქაღალდის დასახელება, ემიტენტი, რეგისტრაციის ქვეყანა
B79: 00700 | C79: 2.3.5 | D79: სასესხო ფასიანი ქაღალდის დასახელება, ემიტენტი, რეგისტრაციის ქვეყანა
B80: 00710 | C80: 2.3.6 | D80: სასესხო ფასიანი ქაღალდის დასახელება, ემიტენტი, რეგისტრაციის ქვეყანა
B81: 00720 | C81: 2.3.7 | D81: სასესხო ფასიანი ქაღალდის დასახელება, ემიტენტი, რეგისტრაციის ქვეყანა
B82: 00730 | C82: 2.3.8 | D82: სასესხო ფასიანი ქაღალდის დასახელება, ემიტენტი, რეგისტრაციის ქვეყანა
B83: 00740 | C83: 2.3.9 | D83: სასესხო ფასიანი ქაღალდის დასახელება, ემიტენტი, რეგისტრაციის ქვეყანა
B84: 00750 | C84: 2.3.10 | D84: სასესხო ფასიანი ქაღალდის დასახელება, ემიტენტი, რეგისტრაციის ქვეყანა
B85: 00760 | C85: 2.3.11 | D85: სასესხო ფასიანი ქაღალდის დასახელება, ემიტენტი, რეგისტრაციის ქვეყანა
B86: 00770 | C86: 2.3.12 | D86: სასესხო ფასიანი ქაღალდის დასახელება, ემიტენტი, რეგისტრაციის ქვეყანა
... B94: 00850 | C94: 2.3.20 | D94: სასესხო ფასიანი ქაღალდის დასახელება, ემიტენტი, რეგისტრაციის ქვეყანა
B95: 00860 | C95: 2.4 | D95: სასესხო ფასიან ქაღალდების (გრძელვადიანი) მიმდინარე წილზე დარიცხული % | E95: =SUM(E96:E115) -> 0 | F95: =SUM(F96:F115) -> 0
B96: 00870 | C96: 2.4.1 | D96: სასესხო ფასიანი ქაღალდის დასახელება, ემიტენტი, რეგისტრაციის ქვეყანა
B97: 00880 | C97: 2.4.2 | D97: სასესხო ფასიანი ქაღალდის დასახელება, ემიტენტი, რეგისტრაციის ქვეყანა
B98: 00890 | C98: 2.4.3 | D98: სასესხო ფასიანი ქაღალდის დასახელება, ემიტენტი, რეგისტრაციის ქვეყანა
B99: 00900 | C99: 2.4.4 | D99: სასესხო ფასიანი ქაღალდის დასახელება, ემიტენტი, რეგისტრაციის ქვეყანა
B100: 00910 | C100: 2.4.5 | D100: სასესხო ფასიანი ქაღალდის დასახელება, ემიტენტი, რეგისტრაციის ქვეყანა
B101: 00920 | C101: 2.4.6 | D101: სასესხო ფასიანი ქაღალდის დასახელება, ემიტენტი, რეგისტრაციის ქვეყანა
B102: 00930 | C102: 2.4.7 | D102: სასესხო ფასიანი ქაღალდის დასახელება, ემიტენტი, რეგისტრაციის ქვეყანა
B103: 00940 | C103: 2.4.8 | D103: სასესხო ფასიანი ქაღალდის დასახელება, ემიტენტი, რეგისტრაციის ქვეყანა
B104: 00950 | C104: 2.4.9 | D104: სასესხო ფასიანი ქაღალდის დასახელება, ემიტენტი, რეგისტრაციის ქვეყანა
B105: 00960 | C105: 2.4.10 | D105: სასესხო ფასიანი ქაღალდის დასახელება, ემიტენტი, რეგისტრაციის ქვეყანა
B106: 00970 | C106: 2.4.11 | D106: სასესხო ფასიანი ქაღალდის დასახელება, ემიტენტი, რეგისტრაციის ქვეყანა
B107: 00980 | C107: 2.4.12 | D107: სასესხო ფასიანი ქაღალდის დასახელება, ემიტენტი, რეგისტრაციის ქვეყანა
... B115: 01060 | C115: 2.4.20 | D115: სასესხო ფასიანი ქაღალდის დასახელება, ემიტენტი, რეგისტრაციის ქვეყანა
B116: 01070 | C116: 2.5 | D116: სასესხო ფასიანი ქაღალდები (გრძელვადიანი) | E116: =SUM(E117:E136) -> 0 | F116: =SUM(F117:F136) -> 0
B117: 01080 | C117: 2.5.1 | D117: სასესხო ფასიანი ქაღალდის დასახელება, ემიტენტი, რეგისტრაციის ქვეყანა
B118: 01090 | C118: 2.5.2 | D118: სასესხო ფასიანი ქაღალდის დასახელება, ემიტენტი, რეგისტრაციის ქვეყანა
B119: 01100 | C119: 2.5.3 | D119: სასესხო ფასიანი ქაღალდის დასახელება, ემიტენტი, რეგისტრაციის ქვეყანა
B120: 01110 | C120: 2.5.4 | D120: სასესხო ფასიანი ქაღალდის დასახელება, ემიტენტი, რეგისტრაციის ქვეყანა
B121: 01120 | C121: 2.5.5 | D121: სასესხო ფასიანი ქაღალდის დასახელება, ემიტენტი, რეგისტრაციის ქვეყანა
B122: 01130 | C122: 2.5.6 | D122: სასესხო ფასიანი ქაღალდის დასახელება, ემიტენტი, რეგისტრაციის ქვეყანა
B123: 01140 | C123: 2.5.7 | D123: სასესხო ფასიანი ქაღალდის დასახელება, ემიტენტი, რეგისტრაციის ქვეყანა
B124: 01150 | C124: 2.5.8 | D124: სასესხო ფასიანი ქაღალდის დასახელება, ემიტენტი, რეგისტრაციის ქვეყანა
B125: 01160 | C125: 2.5.9 | D125: სასესხო ფასიანი ქაღალდის დასახელება, ემიტენტი, რეგისტრაციის ქვეყანა
B126: 01170 | C126: 2.5.10 | D126: სასესხო ფასიანი ქაღალდის დასახელება, ემიტენტი, რეგისტრაციის ქვეყანა
B127: 01180 | C127: 2.5.11 | D127: სასესხო ფასიანი ქაღალდის დასახელება, ემიტენტი, რეგისტრაციის ქვეყანა
B128: 01190 | C128: 2.5.12 | D128: სასესხო ფასიანი ქაღალდის დასახელება, ემიტენტი, რეგისტრაციის ქვეყანა
... B136: 01270 | C136: 2.5.20 | D136: სასესხო ფასიანი ქაღალდის დასახელება, ემიტენტი, რეგისტრაციის ქვეყანა
B137: 01280 | C137: 2.6 | D137: სასესხო ფასიან ქაღალდებზე (გრძელვადიანი) დარიცხული % | E137: =SUM(E138:E157) -> 0 | F137: =SUM(F138:F157) -> 0
B138: 01290 | C138: 2.6.1 | D138: სასესხო ფასიანი ქაღალდის დასახელება, ემიტენტი, რეგისტრაციის ქვეყანა
B139: 01300 | C139: 2.6.2 | D139: სასესხო ფასიანი ქაღალდის დასახელება, ემიტენტი, რეგისტრაციის ქვეყანა
B140: 01310 | C140: 2.6.3 | D140: სასესხო ფასიანი ქაღალდის დასახელება, ემიტენტი, რეგისტრაციის ქვეყანა
B141: 01320 | C141: 2.6.4 | D141: სასესხო ფასიანი ქაღალდის დასახელება, ემიტენტი, რეგისტრაციის ქვეყანა
B142: 01330 | C142: 2.6.5 | D142: სასესხო ფასიანი ქაღალდის დასახელება, ემიტენტი, რეგისტრაციის ქვეყანა
B143: 01340 | C143: 2.6.6 | D143: სასესხო ფასიანი ქაღალდის დასახელება, ემიტენტი, რეგისტრაციის ქვეყანა
B144: 01350 | C144: 2.6.7 | D144: სასესხო ფასიანი ქაღალდის დასახელება, ემიტენტი, რეგისტრაციის ქვეყანა
...

Sheet BS-R
B1: მზღვეველი: | E1: ფორმა N1-7
B2: ანგარიშგების თარიღი:
C4: სადაზღვევო რეზერვები და გადამზღვევლის წილი სადაზღვევო რეზერვებში
E5: ლარებში
B6: სტრიქონის კოდი | C6: N | E6: საანგარიშო პერიოდი | F6: გასული წლის შესაბამისი პერიოდი
C8: არასიცოცხლის დაზღვევა
C9: სადაზღვევო რეზერვები (არასიცოცხლის), ბრუტო
B10: 00010 | C10: 1 | D10: - გამოუმუშავებელი პრემიის რეზერვი
B11: 00020 | C11: 2 | D11: - განცხადებული, მაგრამ დაურეგულირებელი ზარალების რეზერვი
B12: 00030 | C12: 3 | D12: - მომხდარი, მაგრამ განუცხადებელი ზარალების რეზერვი
B13: 00040 | C13: სულ სადაზღვევო რეზერვები, ბრუტო: (1+2+3) | E13: =E10+E11+E12 -> 0 | F13: =F10+F11+F12 -> 0
C15: გადამზღვევლის წილი სადაზღვევო რეზერვებში (არასიცოცხლის)
B16: 00050 | C16: 4 | D16: - გამოუმუშავებელი პრემიიის რეზერვი
B17: 00060 | C17: 5 | D17: - განცხადებული, მაგრამ დაურეგულირებელი ზარალების რეზერვი
B18: 00070 | C18: სულ გადამზღვევლის წილი სადაზღვევო რეზერვებში: (4+5) | E18: =SUM(E16:E17) -> 0 | F18: =SUM(F16:F17) -> 0
C20: სადაზღვევო რეზერვები (არასიცოცხლის), ნეტო
B21: 00080 | C21: 6 | D21: - გამოუმუშავებელი პრემიიის რეზერვი (1-4) | E21: =E10-E16 -> 0 | F21: =F10-F16 -> 0
B22: 00090 | C22: 7 | D22: - განცხადებული, მაგრამ დაურეგულირებელი ზარალების რეზერვი (2-5) | E22: =E11-E17 -> 0 | F22: =F11-F17 -> 0
B23: 00100 | C23: 8 | D23: - მომხდარი, მაგრამ განუცხადებელი ზარალების რეზერვი (=3) | E23: =E12 -> 0 | F23: =F12 -> 0
B24: 00110 | C24: სულ სადაზღვევო რეზერვები, ნეტო: (6+7+8) | E24: =E21+E22+E23 -> 0 | F24: =F21+F22+F23 -> 0
C26: სიცოცხლის დაზღვევა
C27: სადაზღვევო რეზერვები (სიცოცხლის), ბრუტო
B28: 00120 | C28: 9 | D28: - გამოუმუშავებელი პრემიის რეზერვი
B29: 00130 | C29: 10 | D29: - განცხადებული, მაგრამ დაურეგულირებელი ზარალების რეზერვი
B30: 00140 | C30: 11 | D30: - მომხდარი, მაგრამ განუცხადებელი ზარალების რეზერვი
B31: 00150 | C31: 12 | D31: - სიცოცხლის დაზღვევის რეზერვი
B32: 00160 | C32: სულ სადაზღვევო რეზერვები, ბრუტო: (9+10+11+12) | E32: =SUM(E28:E31) -> 0 | F32: =SUM(F28:F31) -> 0
C34: გადამზღვევლის წილი სადაზღვევო რეზერვებში (სიცოცხლის)
B35: 00170 | C35: 13 | D35: - გამოუმუშავებელი პრემიის რეზერვი
B36: 00180 | C36: 14 | D36: - განცხადებული, მაგრამ დაურეგულირებელი ზარალების რეზერვი
B37: 00190 | C37: 15 | D37: - სიცოცხლის დაზღვევის რეზერვი
B38: 00200 | C38: სულ გადამზღვევლის წილი სადაზღვევო რეზერვებში: (13+14+15) | E38: =SUM(E35:E37) -> 0 | F38: =SUM(F35:F37) -> 0
C40: სადაზღვევო რეზერვები (სიცოცხლის), ნეტო
B41: 00210 | C41: 16 | D41: - გამოუმუშავებელი პრემიის რეზერვი (9-13) | E41: =E28-E35 -> 0 | F41: =F28-F35 -> 0
B42: 00220 | C42: 17 | D42: - განცხადებული, მაგრამ დაურეგულირებელი ზარალების რეზერვი (10-14) | E42: =E29-E36 -> 0 | F42: =F29-F36 -> 0
B43: 00230 | C43: 18 | D43: - მომხდარი, მაგრამ განუცხადებელი ზარალების რეზერვი (=11) | E43: =E30 -> 0 | F43: =F30 -> 0
B44: 00240 | C44: 19 | D44: - სიცოცხლის დაზღვევის რეზერვი (12-15) | E44: =E31-E37 -> 0 | F44: =F31-F37 -> 0
B45: 00250 | C45: სულ სადაზღვევო რეზერვები, ნეტო: (16+17+18+19) | E45: =SUM(E41:E44) -> 0 | F45: =SUM(F41:F44) -> 0

Sheet BS-DC
B1: მზღვეველი: | E1: ფორმა N1-8
B2: ანგარიშგების თარიღი:
C4: გადავადებული საკომისიო შემოსავალი/ხარჯი
E5: ლარებში
B6: სტრიქონის კოდი | C6: N | E6: საანგარიშო პერიოდი | F6: გასული წლის შესაბამისი პერიოდი
C8: არასიცოცხლის დაზღვევა
C9: გადავადებული საკომისიო ხარჯი (არასიცოცხლის)
B10: 00010 | C10: 1 | D10: - ცედენტის კუთვნილი საკომისიო
B11: 00020 | C11: 2 | D11: - ბროკერის კუთვნილი საკომისიო
B12: 00030 | C12: 3 | D12: - აგენტის კუთვნილი საკომისიო
B13: 00040 | C13: სულ გადავადებული საკომისიო ხარჯი (არასიცოცხლის): (1+2+3) | E13: =E10+E11+E12 -> 0 | F13: =F10+F11+F12 -> 0
C15: გადავადებული საკომისიო შემოსავალი (არასიცოცხლის)
B16: 00050 | C16: 4 | D16: - გადაზღვევიდან კუთვნილი საკომისიო
B17: 00060 | C17: სულ გადავადებული საკომისიო შემოსავალი (არასიცოცხლის): (=4) | E17: =SUM(E16:E16) -> 0 | F17: =SUM(F16:F16) -> 0
C19: სიცოცხლის დაზღვევა
C20: გადავადებული საკომისიო ხარჯი (სიცოცხლის)
B21: 00070 | C21: 5 | D21: - ცედენტის კუთვნილი საკომისიო
B22: 00080 | C22: 6 | D22: - ბროკერის კუთვნილი საკომისიო
B23: 00090 | C23: 7 | D23: - აგენტის კუთვნილი საკომისიო
B24: 00100 | C24: სულ გადავადებული საკომისიო ხარჯი (სიცოცხლის): (5+6+7) | E24: =SUM(E21:E23) -> 0 | F24: =SUM(F21:F23) -> 0
C26: გადავადებული საკომისიო შემოსავალი (სიცოცხლის)
B27: 00110 | C27: 8 | D27: - გადაზღვევიდან კუთვნილი საკომისიო
B28: 00120 | C28: სულ გადავადებული საკომისიო შემოსავალი (სიცოცხლის): (=8) | E28: =SUM(E27:E27) -> 0 | F28: =SUM(F27:F27) -> 0

Sheet BS-PPE
B1: მზღვეველი: | K1: ფორმა N1-9
B2: ანგარიშგების თარიღი:
C4: ძირითადი საშუალებების წმინდა საბალანსო ღირებულების განსაზღვრა
K5: ლარებში
B6: სტრიქონის კოდი | C6: N | E6: მიწა | F6: შენობები | G6: ავტო -ტრანსპორტი | H6: კომპიუტერები და კომუნიკაციები | I6: ავეჯი და სხვა მოწყობილობა | J6: დაუმთავრებელი მშენებლობა | K6: სხვა | L6: სულ
B8: 00010 | C8: ისტორიული ღირებულება ან გადაფასება
B9: 00020 | C9: 1 | D9: ნაშთი პერიოდის დასაწყისში | L9: =E9+F9+G9+H9+I9+J9+K9 -> 0
B10: 00030 | C10: აკუმულირებული ცვეთა
B11: 00040 | C11: 2 | D11: ნაშთი პერიოდის დასაწყისში | L11: =E11+F11+G11+H11+I11+J11+K11 -> 0
B12: 00050 | C12: 3 | D12: ნაშთი პერიოდის დასაწყისში (1-2) | E12: =E9-E11 -> 0 | F12: =F9-F11 -> 0 | G12: =G9-G11 -> 0 | H12: =H9-H11 -> 0 | I12: =I9-I11 -> 0 | J12: =J9-J11 -> 0 | K12: =K9-K11 -> 0 | L12: =L9-L11 -> 0
B13: 00060 | C13: 4 | D13: მოძრაობა კატეგორიებს შორის (ზრდა/კლება) | L13: =E13+F13+G13+H13+I13+J13+K13 -> 0
B14: 00070 | C14: 5 | D14: შესყიდვები | L14: =E14+F14+G14+H14+I14+J14+K14 -> 0
B15: 00080 | C15: 6 | D15: ჩამოწერა/გაყიდვა | L15: =E15+F15+G15+H15+I15+J15+K15 -> 0
B16: 00090 | C16: 7 | D16: გადაფასება (ზრდა/კლება) | L16: =E16+F16+G16+H16+I16+J16+K16 -> 0
B17: 00100 | C17: 8 | D17: ცვეთის ხარჯი | L17: =E17+F17+G17+H17+I17+J17+K17 -> 0
B18: 00110 | C18: 9 | D18: ნაშთი პერიოდის ბოლოს (3+4+5-6+7-8) | E18: =E12+E13+E14-E15+E16-E17 -> 0 | F18: =F12+F13+F14-F15+F16-F17 -> 0 | G18: =G12+G13+G14-G15+G16-G17 -> 0 | H18: =H12+H13+H14-H15+H16-H17 -> 0 | I18: =I12+I13+I14-I15+I16-I17 -> 0 | J18: =J12+J13+J14-J15+J16-J17 -> 0 | K18: =K12+K13+K14-K15+K16-K17 -> 0 | L18: =L12+L13+L14-L15+L16-L17 -> 0

Sheet BS-IP & OA
B1: მზღვეველი: | E1: ფორმა N1-10
B2: ანგარიშგების თარიღი:
D4: საინვესტიციო ქონება და სხვა აქტივები
E5: ლარებში
B6: სტრიქონის კოდი | C6: N | E6: საანგარიშო პერიოდი | F6: გასული წლის შესაბამისი პერიოდი
C8: საინვესტიციო ქონება
B10: 00010 | C10: 1 | D10: მიწები | E10: =SUM(E11:E30) -> 0 | F10: =SUM(F11:F30) -> 0
B11: 00020 | C11: 1.1 | D11: ობიექტის დასახელება, ობიექტის რეგისტრაციის ქვეყანა
B12: 00030 | C12: 1.2 | D12: ობიექტის დასახელება, ობიექტის რეგისტრაციის ქვეყანა
B13: 00040 | C13: 1.3 | D13: ობიექტის დასახელება, ობიექტის რეგისტრაციის ქვეყანა
B14: 00050 | C14: 1.4 | D14: ობიექტის დასახელება, ობიექტის რეგისტრაციის ქვეყანა
B15: 00060 | C15: 1.5 | D15: ობიექტის დასახელება, ობიექტის რეგისტრაციის ქვეყანა
B16: 00070 | C16: 1.6 | D16: ობიექტის დასახელება, ობიექტის რეგისტრაციის ქვეყანა
B17: 00080 | C17: 1.7 | D17: ობიექტის დასახელება, ობიექტის რეგისტრაციის ქვეყანა
B18: 00090 | C18: 1.8 | D18: ობიექტის დასახელება, ობიექტის რეგისტრაციის ქვეყანა
B19: 00100 | C19: 1.9 | D19: ობიექტის დასახელება, ობიექტის რეგისტრაციის ქვეყანა
B20: 00110 | C20: 1.1 | D20: ობიექტის დასახელება, ობიექტის რეგისტრაციის ქვეყანა
B21: 00120 | C21: 1.11 | D21: ობიექტის დასახელება, ობიექტის რეგისტრაციის ქვეყანა
B22: 00130 | C22: 1.12 | D22: ობიექტის დასახელება, ობიექტის რეგისტრაციის ქვეყანა
... B30: 00210 | C30: 1.2 | D30: ობიექტის დასახელება, ობიექტის რეგისტრაციის ქვეყანა
B31: 00220 | C31: 2 | D31: შენობა-ნაგებობები | E31: =SUM(E32:E51) -> 0 | F31: =SUM(F32:F51) -> 0
B32: 00230 | C32: 2.1 | D32: ობიექტის დასახელება, ობიექტის რეგისტრაციის ქვეყანა
B33: 00240 | C33: 2.2 | D33: ობიექტის დასახელება, ობიექტის რეგისტრაციის ქვეყანა
B34: 00250 | C34: 2.3 | D34: ობიექტის დასახელება, ობიექტის რეგისტრაციის ქვეყანა
B35: 00260 | C35: 2.4 | D35: ობიექტის დასახელება, ობიექტის რეგისტრაციის ქვეყანა
B36: 00270 | C36: 2.5 | D36: ობიექტის დასახელება, ობიექტის რეგისტრაციის ქვეყანა
B37: 00280 | C37: 2.6 | D37: ობიექტის დასახელება, ობიექტის რეგისტრაციის ქვეყანა
B38: 00290 | C38: 2.7 | D38: ობიექტის დასახელება, ობიექტის რეგისტრაციის ქვეყანა
B39: 00300 | C39: 2.8 | D39: ობიექტის დასახელება, ობიექტის რეგისტრაციის ქვეყანა
B40: 00310 | C40: 2.9 | D40: ობიექტის დასახელება, ობიექტის რეგისტრაციის ქვეყანა
B41: 00320 | C41: 2.1 | D41: ობიექტის დასახელება, ობიექტის რეგისტრაციის ქვეყანა
B42: 00330 | C42: 2.11 | D42: ობიექტის დასახელება, ობიექტის რეგისტრაციის ქვეყანა
B43: 00340 | C43: 2.12 | D43: ობიექტის დასახელება, ობიექტის რეგისტრაციის ქვეყანა
... B51: 00420 | C51: 2.2 | D51: ობიექტის დასახელება, ობიექტის რეგისტრაციის ქვეყანა
B52: 00430 | C52: 3 | D52: სხვა | E52: =SUM(E53:E72) -> 0 | F52: =SUM(F53:F72) -> 0
B53: 00440 | C53: 3.1 | D53: ობიექტის დასახელება, ობიექტის რეგისტრაციის ქვეყანა
B54: 00450 | C54: 3.2 | D54: ობიექტის დასახელება, ობიექტის რეგისტრაციის ქვეყანა
B55: 00460 | C55: 3.3 | D55: ობიექტის დასახელება, ობიექტის რეგისტრაციის ქვეყანა
B56: 00470 | C56: 3.4 | D56: ობიექტის დასახელება, ობიექტის რეგისტრაციის ქვეყანა
B57: 00480 | C57: 3.5 | D57: ობიექტის დასახელება, ობიექტის რეგისტრაციის ქვეყანა
B58: 00490 | C58: 3.6 | D58: ობიექტის დასახელება, ობიექტის რეგისტრაციის ქვეყანა
B59: 00500 | C59: 3.7 | D59: ობიექტის დასახელება, ობიექტის რეგისტრაციის ქვეყანა
B60: 00510 | C60: 3.8 | D60: ობიექტის დასახელება, ობიექტის რეგისტრაციის ქვეყანა
B61: 00520 | C61: 3.9 | D61: ობიექტის დასახელება, ობიექტის რეგისტრაციის ქვეყანა
B62: 00530 | C62: 3.1 | D62: ობიექტის დასახელება, ობიექტის რეგისტრაციის ქვეყანა
B63: 00540 | C63: 3.11 | D63: ობიექტის დასახელება, ობიექტის რეგისტრაციის ქვეყანა
B64: 00550 | C64: 3.12 | D64: ობიექტის დასახელება, ობიექტის რეგისტრაციის ქვეყანა
... B72: 00630 | C72: 3.2 | D72: ობიექტის დასახელება, ობიექტის რეგისტრაციის ქვეყანა
B73: 00640 | C73: სულ საინვესტიციო ქონება: (1+2+3) | E73: =E10+E31+E52 -> 0 | F73: =F10+F31+F52 -> 0
C75: სხვა აქტივები
B77: 00650 | C77: 1 | D77: მიწოდებიდან და მომსახურებიდან წარმოქმნილი მოთხოვნები
B78: 00660 | C78: 2 | D78: გადახდილი ავანსები
B79: 00670 | C79: 3 | D79: მოთხოვნები საწარმოო პერსონალის მიმართ
B80: 00680 | C80: 4 | D80: მოთხოვნები დამფუძნებლების მიმართ | E80: =E81+E82 -> 0 | F80: =F81+F82 -> 0
B81: 00690 | C81: 4.1 | D81: სადამფუძნებლო კაპიტალის შევსებასთან დაკავშირებული
B82: 00700 | C82: 4.2 | D82: სხვა მოთხოვნები დამფუძნებლების მიმართ
B83: 00710 | C83: 5 | D83: წინასწარ გადახდილი მოგების გადასახადი
B84: 00720 | C84: 6 | D84: წინასწარ გადახდილი სხვა გადასახადები: | E84: =SUM(E85:E88) -> 0 | F84: =SUM(F85:F88) -> 0
B85: 00730 | C85: 6.1 | D85: წინასწარ გადახდილი დღგ
B86: 00740 | C86: 6.2 | D86: წინასწარ გადახდილი საშემოსავლო გადასახადი
B87: 00750 | C87: 6.3 | D87: წინასწარ გადახდილი ქონების გადასახადი
B88: 00760 | C88: 6.4 | D88: წინასწარ გადახდილი სხვა გადასახადები და მოსაკრებელი
B89: 00770 | C89: 7 | D89: მარაგები
B90: 00780 | C90: 8 | D90: სხვა ინვესტიციები
B91: 00790 | C91: 9 | D91: სხვა
B92: 00800 | C92: სხვა აქტივები სულ: (1+2+3+4+5+6+7+8+9) | E92: =E77+E78+E79+E80+E83+E84+E89+E90+E91 -> 0 | F92: =F77+F78+F79+F80+F83+F84+F89+F90+F91 -> 0

Sheet BS-IA
B1: მზღვეველი: | H1: ფორმა N1-11
B2: ანგარიშგების თარიღი:
C4: არამატერიალური აქტივების წმინდა საბალანსო ღირებულების განსაზღვრა
H5: ლარებში
B6: სტრიქონის კოდი | C6: N | E6: გუდვილი | F6: ლიცენზიები | G6: კომპიუტერული პროგრამები | H6: სხვა | I6: სულ
B8: 00010 | C8: ისტორიული ღირებულება ან გადაფასება
B9: 00020 | C9: 1 | D9: ნაშთი პერიოდის დასაწყისში | I9: =E9+F9+G9+H9 -> 0
B10: 00030 | C10: აკუმულირებული ცვეთა
B11: 00040 | C11: 2 | D11: ნაშთი პერიოდის დასაწყისში | I11: =E11+F11+G11+H11 -> 0
B12: 00050 | C12: 3 | D12: ნაშთი პერიოდის დასაწყისში (1-2) | E12: =E9-E11 -> 0 | F12: =F9-F11 -> 0 | G12: =G9-G11 -> 0 | H12: =H9-H11 -> 0 | I12: =I9-I11 -> 0
B13: 00060 | C13: 4 | D13: მოძრაობა კატეგორიებს შორის (ზრდა/კლება) | I13: =E13+F13+G13+H13 -> 0
B14: 00070 | C14: 5 | D14: შესყიდვები | I14: =E14+F14+G14+H14 -> 0
B15: 00080 | C15: 6 | D15: ჩამოწერა/გაყიდვა | I15: =E15+F15+G15+H15 -> 0
B16: 00090 | C16: 7 | D16: გადაფასება (ზრდა/კლება) | I16: =E16+F16+G16+H16 -> 0
B17: 00100 | C17: 8 | D17: გუდვილის გაუფასურება | I17: =E17+F17+G17+H17 -> 0
B18: 00110 | C18: 9 | D18: ცვეთის ხარჯი | I18: =E18+F18+G18+H18 -> 0
B19: 00120 | C19: 10 | D19: ნაშთი პერიოდის ბოლოს (3+4+5-6+7-8-9) | E19: =E12+E13+E14-E15+E16-E17-E18 -> 0 | F19: =F12+F13+F14-F15+F16-F17-F18 -> 0 | G19: =G12+G13+G14-G15+G16-G17-G18 -> 0 | H19: =H12+H13+H14-H15+H16-H17-H18 -> 0 | I19: =I12+I13+I14-I15+I16-I17-I18 -> 0

Sheet BS-OIL & OL
B1: მზღვეველი: | E1: ფორმა N1-12
B2: ანგარიშგების თარიღი:
D4: სხვა ვალდებულებები
E5: ლარებში
B6: სტრიქონის კოდი | C6: N | E6: საანგარიშო პერიოდი | F6: გასული წლის შესაბამისი პერიოდი
C8: სხვა სადაზღვევო ვალდებულებები
B10: 00010 | C10: 1 | D10: გადასახდელი გადაზღვევის პრემია
B11: 00020 | C11: 2 | D11: გადამზღვევლისგან მიღებული ავანსები (სადაზღვევო ზარალებთან დაკავშირებული)
B12: 00030 | C12: 3 | D12: გადაზღვევით მიღებულ შემოსავალთან დაკავშირებული საკომისიო
B13: 00040 | C13: 4 | D13: გადასახდელი ბროკერის საკომისიო
B14: 00050 | C14: 5 | D14: გადასახდელი აგენტის საკომისიო
B15: 00060 | C15: სულ სხვა სადაზღვევო ვალდებულებები: (1+2+3+4+5) | E15: =E10+E11+E12+E13+E14 -> 0 | F15: =F10+F11+F12+F13+F14 -> 0
C17: სხვა ვალდებულებები
B19: 00070 | C19: 1 | D19: შესრულებულ სამუშაოზე და მოწოდებულ მომსახურებაზე დარიცხული ვალდებულებები
B20: 00080 | C20: 2 | D20: გადასახდელი ხელფასები
B21: 00090 | C21: 3 | D21: მიღებული ავანსები
B22: 00100 | C22: 4 | D22: გადასახდელი მოგების გადასახადი
B23: 00110 | C23: =C22+1 -> 5 | D23: სხვა გადასახდელი გადასახადები: | E23: =E24+E25+E26+E27 -> 0 | F23: =F24+F25+F26+F27 -> 0
B24: 00120 | C24: 5.1 | D24: გადასახდელი დღგ
B25: 00130 | C25: 5.2 | D25: გადასახდელი საშემოსავლო გადასახადი
B26: 00140 | C26: 5.3 | D26: გადასახდელი ქონების გადასახადი
B27: 00150 | C27: 5.4 | D27: სხვა
B28: 00160 | C28: 6 | D28: გადასახდელი დივიდენდები
B29: 00170 | C29: 7 | D29: სხვა
B30: 00180 | C30: სხვა ვალდებულებები სულ: (1+2+3+4+5+6+7) | E30: =E19+E20+E21+E22+E23+E28+E29 -> 0 | F30: =F19+F20+F21+F22+F23+F28+F29 -> 0

Sheet BS-FL
B1: მზღვეველი: | M1: ფორმა N1-13
B2: ანგარიშგების თარიღი:
D4: ფინანსური ვალდებულებები
M5: ლარებში
B6: სტრიქონის კოდი | C6: N | E6: საანგარიშო პერიოდი | J6: გასული წლის შესაბამისი პერიოდი
E7: ლარი | F7: დოლარი | G7: ევრო | H7: სხვა | I7: სულ | J7: ლარი | K7: დოლარი | L7: ევრო | M7: სხვა | N7: სულ
B9: 00010 | C9: 1 | D9: ბანკის სესხები | E9: =E10+E31+E52+E73+E94+E115 -> 0 | F9: =F10+F31+F52+F73+F94+F115 -> 0 | G9: =G10+G31+G52+G73+G94+G115 -> 0 | H9: =H10+H31+H52+H73+H94+H115 -> 0 | I9: =I10+I31+I52+I73+I94+I115 -> 0 | J9: =J10+J31+J52+J73+J94+J115 -> 0 | K9: =K10+K31+K52+K73+K94+K115 -> 0 | L9: =L10+L31+L52+L73+L94+L115 -> 0 | ... N9: =N10+N31+N52+N73+N94+N115 -> 0
B10: 00020 | C10: 1.1 | D10: ბანკის სესხები (მოკლევადიანი) | E10: =SUM(E11:E30) -> 0 | F10: =SUM(F11:F30) -> 0 | G10: =SUM(G11:G30) -> 0 | H10: =SUM(H11:H30) -> 0 | I10: =SUM(E10:H10) -> 0 | J10: =SUM(J11:J30) -> 0 | K10: =SUM(K11:K30) -> 0 | L10: =SUM(L11:L30) -> 0 | M10: =SUM(M11:M30) -> 0 | N10: =SUM(J10:M10) -> 0
B11: 00030 | C11: 1.1.1 | D11: ბანკის დასახელება | I11: =SUM(E11:H11) -> 0 | N11: =SUM(J11:M11) -> 0
B12: 00040 | C12: 1.1.2 | D12: ბანკის დასახელება | I12: =SUM(E12:H12) -> 0 | N12: =SUM(J12:M12) -> 0
B13: 00050 | C13: 1.1.3 | D13: ბანკის დასახელება | I13: =SUM(E13:H13) -> 0 | N13: =SUM(J13:M13) -> 0
B14: 00060 | C14: 1.1.4 | D14: ბანკის დასახელება | I14: =SUM(E14:H14) -> 0 | N14: =SUM(J14:M14) -> 0
B15: 00070 | C15: 1.1.5 | D15: ბანკის დასახელება | I15: =SUM(E15:H15) -> 0 | N15: =SUM(J15:M15) -> 0
B16: 00080 | C16: 1.1.6 | D16: ბანკის დასახელება | I16: =SUM(E16:H16) -> 0 | N16: =SUM(J16:M16) -> 0
B17: 00090 | C17: 1.1.7 | D17: ბანკის დასახელება | I17: =SUM(E17:H17) -> 0 | N17: =SUM(J17:M17) -> 0
B18: 00100 | C18: 1.1.8 | D18: ბანკის დასახელება | I18: =SUM(E18:H18) -> 0 | N18: =SUM(J18:M18) -> 0
B19: 00110 | C19: 1.1.9 | D19: ბანკის დასახელება | I19: =SUM(E19:H19) -> 0 | N19: =SUM(J19:M19) -> 0
B20: 00120 | C20: 1.1.10 | D20: ბანკის დასახელება | I20: =SUM(E20:H20) -> 0 | N20: =SUM(J20:M20) -> 0
B21: 00130 | C21: 1.1.11 | D21: ბანკის დასახელება | I21: =SUM(E21:H21) -> 0 | N21: =SUM(J21:M21) -> 0
B22: 00140 | C22: 1.1.12 | D22: ბანკის დასახელება | I22: =SUM(E22:H22) -> 0 | N22: =SUM(J22:M22) -> 0
... B30: 00220 | C30: 1.1.20 | D30: ბანკის დასახელება | I30: =SUM(E30:H30) -> 0 | N30: =SUM(J30:M30) -> 0
B31: 00230 | C31: 1.2 | D31: ბანკის სესხებზე (მოკლევადიანი) დარიცხული % | E31: =SUM(E32:E51) -> 0 | F31: =SUM(F32:F51) -> 0 | G31: =SUM(G32:G51) -> 0 | H31: =SUM(H32:H51) -> 0 | I31: =SUM(E31:H31) -> 0 | J31: =SUM(J32:J51) -> 0 | K31: =SUM(K32:K51) -> 0 | L31: =SUM(L32:L51) -> 0 | M31: =SUM(M32:M51) -> 0 | N31: =SUM(J31:M31) -> 0
B32: 00240 | C32: 1.2.1 | D32: ბანკის დასახელება | I32: =SUM(E32:H32) -> 0 | N32: =SUM(J32:M32) -> 0
B33: 00250 | C33: 1.2.2 | D33: ბანკის დასახელება | I33: =SUM(E33:H33) -> 0 | N33: =SUM(J33:M33) -> 0
B34: 00260 | C34: 1.2.3 | D34: ბანკის დასახელება | I34: =SUM(E34:H34) -> 0 | N34: =SUM(J34:M34) -> 0
B35: 00270 | C35: 1.2.4 | D35: ბანკის დასახელება | I35: =SUM(E35:H35) -> 0 | N35: =SUM(J35:M35) -> 0
B36: 00280 | C36: 1.2.5 | D36: ბანკის დასახელება | I36: =SUM(E36:H36) -> 0 | N36: =SUM(J36:M36) -> 0
B37: 00290 | C37: 1.2.6 | D37: ბანკის დასახელება | I37: =SUM(E37:H37) -> 0 | N37: =SUM(J37:M37) -> 0
B38: 00300 | C38: 1.2.7 | D38: ბანკის დასახელება | I38: =SUM(E38:H38) -> 0 | N38: =SUM(J38:M38) -> 0
B39: 00310 | C39: 1.2.8 | D39: ბანკის დასახელება | I39: =SUM(E39:H39) -> 0 | N39: =SUM(J39:M39) -> 0
B40: 00320 | C40: 1.2.9 | D40: ბანკის დასახელება | I40: =SUM(E40:H40) -> 0 | N40: =SUM(J40:M40) -> 0
B41: 00330 | C41: 1.2.10 | D41: ბანკის დასახელება | I41: =SUM(E41:H41) -> 0 | N41: =SUM(J41:M41) -> 0
B42: 00340 | C42: 1.2.11 | D42: ბანკის დასახელება | I42: =SUM(E42:H42) -> 0 | N42: =SUM(J42:M42) -> 0
B43: 00350 | C43: 1.2.12 | D43: ბანკის დასახელება | I43: =SUM(E43:H43) -> 0 | N43: =SUM(J43:M43) -> 0
... B51: 00430 | C51: 1.2.20 | D51: ბანკის დასახელება | I51: =SUM(E51:H51) -> 0 | N51: =SUM(J51:M51) -> 0
B52: 00440 | C52: 1.3 | D52: ბანკის სესხების (გრძელვადიანი) მიმდინარე წილი | E52: =SUM(E53:E72) -> 0 | F52: =SUM(F53:F72) -> 0 | G52: =SUM(G53:G72) -> 0 | H52: =SUM(H53:H72) -> 0 | I52: =SUM(E52:H52) -> 0 | J52: =SUM(J53:J72) -> 0 | K52: =SUM(K53:K72) -> 0 | L52: =SUM(L53:L72) -> 0 | M52: =SUM(M53:M72) -> 0 | N52: =SUM(J52:M52) -> 0
B53: 00450 | C53: 1.3.1 | D53: ბანკის დასახელება | I53: =SUM(E53:H53) -> 0 | N53: =SUM(J53:M53) -> 0
B54: 00460 | C54: 1.3.2 | D54: ბანკის დასახელება | I54: =SUM(E54:H54) -> 0 | N54: =SUM(J54:M54) -> 0
B55: 00470 | C55: 1.3.3 | D55: ბანკის დასახელება | I55: =SUM(E55:H55) -> 0 | N55: =SUM(J55:M55) -> 0
B56: 00480 | C56: 1.3.4 | D56: ბანკის დასახელება | I56: =SUM(E56:H56) -> 0 | N56: =SUM(J56:M56) -> 0
B57: 00490 | C57: 1.3.5 | D57: ბანკის დასახელება | I57: =SUM(E57:H57) -> 0 | N57: =SUM(J57:M57) -> 0
B58: 00500 | C58: 1.3.6 | D58: ბანკის დასახელება | I58: =SUM(E58:H58) -> 0 | N58: =SUM(J58:M58) -> 0
B59: 00510 | C59: 1.3.7 | D59: ბანკის დასახელება | I59: =SUM(E59:H59) -> 0 | N59: =SUM(J59:M59) -> 0
B60: 00520 | C60: 1.3.8 | D60: ბანკის დასახელება | I60: =SUM(E60:H60) -> 0 | N60: =SUM(J60:M60) -> 0
B61: 00530 | C61: 1.3.9 | D61: ბანკის დასახელება | I61: =SUM(E61:H61) -> 0 | N61: =SUM(J61:M61) -> 0
B62: 00540 | C62: 1.3.10 | D62: ბანკის დასახელება | I62: =SUM(E62:H62) -> 0 | N62: =SUM(J62:M62) -> 0
B63: 00550 | C63: 1.3.11 | D63: ბანკის დასახელება | I63: =SUM(E63:H63) -> 0 | N63: =SUM(J63:M63) -> 0
B64: 00560 | C64: 1.3.12 | D64: ბანკის დასახელება | I64: =SUM(E64:H64) -> 0 | N64: =SUM(J64:M64) -> 0
... B72: 00640 | C72: 1.3.20 | D72: ბანკის დასახელება | I72: =SUM(E72:H72) -> 0 | N72: =SUM(J72:M72) -> 0
B73: 00650 | C73: 1.4 | D73: ბანკის სესხების (გრძელვადიანი) მიმდინარე წილზე დარიცხული % | E73: =SUM(E74:E93) -> 0 | F73: =SUM(F74:F93) -> 0 | G73: =SUM(G74:G93) -> 0 | H73: =SUM(H74:H93) -> 0 | I73: =SUM(E73:H73) -> 0 | J73: =SUM(J74:J93) -> 0 | K73: =SUM(K74:K93) -> 0 | L73: =SUM(L74:L93) -> 0 | M73: =SUM(M74:M93) -> 0 | N73: =SUM(J73:M73) -> 0
B74: 00660 | C74: 1.4.1 | D74: ბანკის დასახელება | I74: =SUM(E74:H74) -> 0 | N74: =SUM(J74:M74) -> 0
B75: 00670 | C75: 1.4.2 | D75: ბანკის დასახელება | I75: =SUM(E75:H75) -> 0 | N75: =SUM(J75:M75) -> 0
B76: 00680 | C76: 1.4.3 | D76: ბანკის დასახელება | I76: =SUM(E76:H76) -> 0 | N76: =SUM(J76:M76) -> 0
B77: 00690 | C77: 1.4.4 | D77: ბანკის დასახელება | I77: =SUM(E77:H77) -> 0 | N77: =SUM(J77:M77) -> 0
B78: 00700 | C78: 1.4.5 | D78: ბანკის დასახელება | I78: =SUM(E78:H78) -> 0 | N78: =SUM(J78:M78) -> 0
B79: 00710 | C79: 1.4.6 | D79: ბანკის დასახელება | I79: =SUM(E79:H79) -> 0 | N79: =SUM(J79:M79) -> 0
B80: 00720 | C80: 1.4.7 | D80: ბანკის დასახელება | I80: =SUM(E80:H80) -> 0 | N80: =SUM(J80:M80) -> 0
B81: 00730 | C81: 1.4.8 | D81: ბანკის დასახელება | I81: =SUM(E81:H81) -> 0 | N81: =SUM(J81:M81) -> 0
B82: 00740 | C82: 1.4.9 | D82: ბანკის დასახელება | I82: =SUM(E82:H82) -> 0 | N82: =SUM(J82:M82) -> 0
B83: 00750 | C83: 1.4.10 | D83: ბანკის დასახელება | I83: =SUM(E83:H83) -> 0 | N83: =SUM(J83:M83) -> 0
B84: 00760 | C84: 1.4.11 | D84: ბანკის დასახელება | I84: =SUM(E84:H84) -> 0 | N84: =SUM(J84:M84) -> 0
B85: 00770 | C85: 1.4.12 | D85: ბანკის დასახელება | I85: =SUM(E85:H85) -> 0 | N85: =SUM(J85:M85) -> 0
... B93: 00850 | C93: 1.4.20 | D93: ბანკის დასახელება | I93: =SUM(E93:H93) -> 0 | N93: =SUM(J93:M93) -> 0
B94: 00860 | C94: 1.5 | D94: ბანკის სესხები (გრძელვადიანი) | E94: =SUM(E95:E114) -> 0 | F94: =SUM(F95:F114) -> 0 | G94: =SUM(G95:G114) -> 0 | H94: =SUM(H95:H114) -> 0 | I94: =SUM(E94:H94) -> 0 | J94: =SUM(J95:J114) -> 0 | K94: =SUM(K95:K114) -> 0 | L94: =SUM(L95:L114) -> 0 | M94: =SUM(M95:M114) -> 0 | N94: =SUM(J94:M94) -> 0
B95: 00870 | C95: 1.5.1 | D95: ბანკის დასახელება | I95: =SUM(E95:H95) -> 0 | N95: =SUM(J95:M95) -> 0
B96: 00880 | C96: 1.5.2 | D96: ბანკის დასახელება | I96: =SUM(E96:H96) -> 0 | N96: =SUM(J96:M96) -> 0
B97: 00890 | C97: 1.5.3 | D97: ბანკის დასახელება | I97: =SUM(E97:H97) -> 0 | N97: =SUM(J97:M97) -> 0
B98: 00900 | C98: 1.5.4 | D98: ბანკის დასახელება | I98: =SUM(E98:H98) -> 0 | N98: =SUM(J98:M98) -> 0
B99: 00910 | C99: 1.5.5 | D99: ბანკის დასახელება | I99: =SUM(E99:H99) -> 0 | N99: =SUM(J99:M99) -> 0
B100: 00920 | C100: 1.5.6 | D100: ბანკის დასახელება | I100: =SUM(E100:H100) -> 0 | N100: =SUM(J100:M100) -> 0
B101: 00930 | C101: 1.5.7 | D101: ბანკის დასახელება | I101: =SUM(E101:H101) -> 0 | N101: =SUM(J101:M101) -> 0
B102: 00940 | C102: 1.5.8 | D102: ბანკის დასახელება | I102: =SUM(E102:H102) -> 0 | N102: =SUM(J102:M102) -> 0
B103: 00950 | C103: 1.5.9 | D103: ბანკის დასახელება | I103: =SUM(E103:H103) -> 0 | N103: =SUM(J103:M103) -> 0
B104: 00960 | C104: 1.5.10 | D104: ბანკის დასახელება | I104: =SUM(E104:H104) -> 0 | N104: =SUM(J104:M104) -> 0
B105: 00970 | C105: 1.5.11 | D105: ბანკის დასახელება | I105: =SUM(E105:H105) -> 0 | N105: =SUM(J105:M105) -> 0
B106: 00980 | C106: 1.5.12 | D106: ბანკის დასახელება | I106: =SUM(E106:H106) -> 0 | N106: =SUM(J106:M106) -> 0
... B114: 01060 | C114: 1.5.20 | D114: ბანკის დასახელება | I114: =SUM(E114:H114) -> 0 | N114: =SUM(J114:M114) -> 0
B115: 01070 | C115: 1.6 | D115: ბანკის სესხებზე (გრძელვადიანი) დარიცხული % | E115: =SUM(E116:E135) -> 0 | F115: =SUM(F116:F135) -> 0 | G115: =SUM(G116:G135) -> 0 | H115: =SUM(H116:H135) -> 0 | I115: =SUM(E115:H115) -> 0 | J115: =SUM(J116:J135) -> 0 | K115: =SUM(K116:K135) -> 0 | L115: =SUM(L116:L135) -> 0 | M115: =SUM(M116:M135) -> 0 | N115: =SUM(J115:M115) -> 0
B116: 01080 | C116: 1.6.1 | D116: ბანკის დასახელება | I116: =SUM(E116:H116) -> 0 | N116: =SUM(J116:M116) -> 0
B117: 01090 | C117: 1.6.2 | D117: ბანკის დასახელება | I117: =SUM(E117:H117) -> 0 | N117: =SUM(J117:M117) -> 0
B118: 01100 | C118: 1.6.3 | D118: ბანკის დასახელება | I118: =SUM(E118:H118) -> 0 | N118: =SUM(J118:M118) -> 0
B119: 01110 | C119: 1.6.4 | D119: ბანკის დასახელება | I119: =SUM(E119:H119) -> 0 | N119: =SUM(J119:M119) -> 0
B120: 01120 | C120: 1.6.5 | D120: ბანკის დასახელება | I120: =SUM(E120:H120) -> 0 | N120: =SUM(J120:M120) -> 0
B121: 01130 | C121: 1.6.6 | D121: ბანკის დასახელება | I121: =SUM(E121:H121) -> 0 | N121: =SUM(J121:M121) -> 0
B122: 01140 | C122: 1.6.7 | D122: ბანკის დასახელება | I122: =SUM(E122:H122) -> 0 | N122: =SUM(J122:M122) -> 0
B123: 01150 | C123: 1.6.8 | D123: ბანკის დასახელება | I123: =SUM(E123:H123) -> 0 | N123: =SUM(J123:M123) -> 0
B124: 01160 | C124: 1.6.9 | D124: ბანკის დასახელება | I124: =SUM(E124:H124) -> 0 | N124: =SUM(J124:M124) -> 0
B125: 01170 | C125: 1.6.10 | D125: ბანკის დასახელება | I125: =SUM(E125:H125) -> 0 | N125: =SUM(J125:M125) -> 0
B126: 01180 | C126: 1.6.11 | D126: ბანკის დასახელება | I126: =SUM(E126:H126) -> 0 | N126: =SUM(J126:M126) -> 0
B127: 01190 | C127: 1.6.12 | D127: ბანკის დასახელება | I127: =SUM(E127:H127) -> 0 | N127: =SUM(J127:M127) -> 0
... B135: 01270 | C135: 1.6.20 | D135: ბანკის დასახელება | I135: =SUM(E135:H135) -> 0 | N135: =SUM(J135:M135) -> 0
B136: 01280 | C136: 2 | D136: სხვა ფინანსური ვალდებულებები | E136: =E137+E158+E179+E200+E221+E242 -> 0 | F136: =F137+F158+F179+F200+F221+F242 -> 0 | G136: =G137+G158+G179+G200+G221+G242 -> 0 | H136: =H137+H158+H179+H200+H221+H242 -> 0 | I136: =I137+I158+I179+I200+I221+I242 -> 0 | J136: =J137+J158+J179+J200+J221+J242 -> 0 | K136: =K137+K158+K179+K200+K221+K242 -> 0 | L136: =L137+L158+L179+L200+L221+L242 -> 0 | ... N136: =N137+N158+N179+N200+N221+N242 -> 0
B137: 01290 | C137: 2.1 | D137: სხვა ფინანსური ვალდებულებები (მოკლევადიანი) | E137: =SUM(E138:E157) -> 0 | F137: =SUM(F138:F157) -> 0 | G137: =SUM(G138:G157) -> 0 | H137: =SUM(H138:H157) -> 0 | I137: =SUM(E137:H137) -> 0 | J137: =SUM(J138:J157) -> 0 | K137: =SUM(K138:K157) -> 0 | L137: =SUM(L138:L157) -> 0 | M137: =SUM(M138:M157) -> 0 | N137: =SUM(J137:M137) -> 0
B138: 01300 | C138: 2.1.1 | D138: ვალდებულების ობიექტის დასახელება, ვალდებულების სახეობა | I138: =SUM(E138:H138) -> 0 | N138: =SUM(J138:M138) -> 0
B139: 01310 | C139: 2.1.2 | D139: ვალდებულების ობიექტის დასახელება, ვალდებულების სახეობა | I139: =SUM(E139:H139) -> 0 | N139: =SUM(J139:M139) -> 0
B140: 01320 | C140: 2.1.3 | D140: ვალდებულების ობიექტის დასახელება, ვალდებულების სახეობა | I140: =SUM(E140:H140) -> 0 | N140: =SUM(J140:M140) -> 0
B141: 01330 | C141: 2.1.4 | D141: ვალდებულების ობიექტის დასახელება, ვალდებულების სახეობა | I141: =SUM(E141:H141) -> 0 | N141: =SUM(J141:M141) -> 0
B142: 01340 | C142: 2.1.5 | D142: ვალდებულების ობიექტის დასახელება, ვალდებულების სახეობა | I142: =SUM(E142:H142) -> 0 | N142: =SUM(J142:M142) -> 0
B143: 01350 | C143: 2.1.6 | D143: ვალდებულების ობიექტის დასახელება, ვალდებულების სახეობა | I143: =SUM(E143:H143) -> 0 | N143: =SUM(J143:M143) -> 0
B144: 01360 | C144: 2.1.7 | D144: ვალდებულების ობიექტის დასახელება, ვალდებულების სახეობა | I144: =SUM(E144:H144) -> 0 | N144: =SUM(J144:M144) -> 0
...

Sheet BS-PL
B1: მზღვეველი: | E1: ფორმა N1-14
B2: ანგარიშგების თარიღი:
D4: საპენსიო ვალდებულებები
E5: ლარებში
B6: სტრიქონის კოდი | C6: N | E6: საანგარიშო პერიოდი | F6: გასული წლის შესაბამისი პერიოდი
C8: სქემა განსაზღვრული შენატანით
B10: 00010 | C10: 1 | D10: საპენსიო ვალდებულებები პერიოდის დასაწყისში
B11: 00020 | C11: 2 | D11: პერიოდის განმავლობაში მიღებული საპენსიო შენატანები
B12: 00030 | C12: 3 | D12: სხვა საპენსიო სქემიდან გადმოტანილი სახსრები
B13: 00040 | C13: 4 | D13: საპენსიო სქემიდან გატანილი სახსრები
B14: 00050 | C14: 5 | D14: გაცემული პენსიები
B15: 00060 | C15: 6 | D15: საპენსიო ვალდებულება საინვესტიციო საქმიანობამდე (1+2+3-4-5) | E15: =E10+E11+E12-E13-E14 -> 0 | F15: =F10+F11+F12-F13-F14 -> 0
B16: 00070 | C16: 7 | D16: საინვესტიციო შემოსავალი
B17: 00080 | C17: 8 | D17: გაწევრიანების საკომისიო
B18: 00090 | C18: 9 | D18: ადმინისტრაციული საკომისიო
B19: 00100 | C19: 10 | D19: აქტივების მართვის საკომისიო
B20: 00110 | C20: 11 | D20: სხვა ხარჯები
B21: 00120 | C21: 12 | D21: სხვა შემოსავლები
B22: 00130 | C22: 13 | D22: საპენსიო ვალდებულებები პერიოდის ბოლოს: (6+7-8-9-10-11+12) | E22: =E15+E16-E17-E18-E19-E20+E21 -> 0 | F22: =F15+F16-F17-F18-F19-F20+F21 -> 0
C24: სქემა განსაზღვრული პენსიით
B26: 00140 | C26: 14 | D26: საპენსიო ვალდებულებები პერიოდის დასაწყისში
B27: 00150 | C27: 15 | D27: საპენსიო ვალდებულებები პერიოდის ბოლოს:

Sheet BS-LA
B1: მზღვეველი: | E1: ფორმა N1-15
B2: ანგარიშგების თარიღი:
D4: ვალდებულებები მეკავშირე და შვილობილ კომპანიებთან
E5: ლარებში
B6: სტრიქონის კოდი | C6: N | E6: საანგარიშო პერიოდი | F6: გასული წლის შესაბამისი პერიოდი
C8: მეკავშირე კომპანიები
B10: 00010 | C10: 1 | D10: სესხები | E10: =E11+E32+E53+E74+E95+E116 -> 0 | F10: =F11+F32+F53+F74+F95+F116 -> 0
B11: 00020 | C11: 1.1 | D11: მოკლევადიანი სესხები | E11: =SUM(E12:E31) -> 0 | F11: =SUM(F12:F31) -> 0
B12: 00030 | C12: 1.1.1 | D12: კომპანიის დასახელება
B13: 00040 | C13: 1.1.2 | D13: კომპანიის დასახელება
B14: 00050 | C14: 1.1.3 | D14: კომპანიის დასახელება
B15: 00060 | C15: 1.1.4 | D15: კომპანიის დასახელება
B16: 00070 | C16: 1.1.5 | D16: კომპანიის დასახელება
B17: 00080 | C17: 1.1.6 | D17: კომპანიის დასახელება
B18: 00090 | C18: 1.1.7 | D18: კომპანიის დასახელება
B19: 00100 | C19: 1.1.8 | D19: კომპანიის დასახელება
B20: 00110 | C20: 1.1.9 | D20: კომპანიის დასახელება
B21: 00120 | C21: 1.1.10 | D21: კომპანიის დასახელება
B22: 00130 | C22: 1.1.11 | D22: კომპანიის დასახელება
B23: 00140 | C23: 1.1.12 | D23: კომპანიის დასახელება
... B31: 00220 | C31: 1.1.20 | D31: კომპანიის დასახელება
B32: 00230 | C32: 1.2 | D32: მოკლევადიან სესხებზე დარიცხული % | E32: =SUM(E33:E52) -> 0 | F32: =SUM(F33:F52) -> 0
B33: 00240 | C33: 1.2.1 | D33: კომპანიის დასახელება
B34: 00250 | C34: 1.2.2 | D34: კომპანიის დასახელება
B35: 00260 | C35: 1.2.3 | D35: კომპანიის დასახელება
B36: 00270 | C36: 1.2.4 | D36: კომპანიის დასახელება
B37: 00280 | C37: 1.2.5 | D37: კომპანიის დასახელება
B38: 00290 | C38: 1.2.6 | D38: კომპანიის დასახელება
B39: 00300 | C39: 1.2.7 | D39: კომპანიის დასახელება
B40: 00310 | C40: 1.2.8 | D40: კომპანიის დასახელება
B41: 00320 | C41: 1.2.9 | D41: კომპანიის დასახელება
B42: 00330 | C42: 1.2.10 | D42: კომპანიის დასახელება
B43: 00340 | C43: 1.2.11 | D43: კომპანიის დასახელება
B44: 00350 | C44: 1.2.12 | D44: კომპანიის დასახელება
... B52: 00430 | C52: 1.2.20 | D52: კომპანიის დასახელება
B53: 00440 | C53: 1.3 | D53: გრძელვადიანი სესხების მიმდინარე წილი | E53: =SUM(E54:E73) -> 0 | F53: =SUM(F54:F73) -> 0
B54: 00450 | C54: 1.3.1 | D54: კომპანიის დასახელება
B55: 00460 | C55: 1.3.2 | D55: კომპანიის დასახელება
B56: 00470 | C56: 1.3.3 | D56: კომპანიის დასახელება
B57: 00480 | C57: 1.3.4 | D57: კომპანიის დასახელება
B58: 00490 | C58: 1.3.5 | D58: კომპანიის დასახელება
B59: 00500 | C59: 1.3.6 | D59: კომპანიის დასახელება
B60: 00510 | C60: 1.3.7 | D60: კომპანიის დასახელება
B61: 00520 | C61: 1.3.8 | D61: კომპანიის დასახელება
B62: 00530 | C62: 1.3.9 | D62: კომპანიის დასახელება
B63: 00540 | C63: 1.3.10 | D63: კომპანიის დასახელება
B64: 00550 | C64: 1.3.11 | D64: კომპანიის დასახელება
B65: 00560 | C65: 1.3.12 | D65: კომპანიის დასახელება
... B73: 00640 | C73: 1.3.20 | D73: კომპანიის დასახელება
B74: 00650 | C74: 1.4 | D74: გრძელვადიანი სესხების მიმდინარე წილზე დარიცხული % | E74: =SUM(E75:E94) -> 0 | F74: =SUM(F75:F94) -> 0
B75: 00660 | C75: 1.4.1 | D75: კომპანიის დასახელება
B76: 00670 | C76: 1.4.2 | D76: კომპანიის დასახელება
B77: 00680 | C77: 1.4.3 | D77: კომპანიის დასახელება
B78: 00690 | C78: 1.4.4 | D78: კომპანიის დასახელება
B79: 00700 | C79: 1.4.5 | D79: კომპანიის დასახელება
B80: 00710 | C80: 1.4.6 | D80: კომპანიის დასახელება
B81: 00720 | C81: 1.4.7 | D81: კომპანიის დასახელება
B82: 00730 | C82: 1.4.8 | D82: კომპანიის დასახელება
B83: 00740 | C83: 1.4.9 | D83: კომპანიის დასახელება
B84: 00750 | C84: 1.4.10 | D84: კომპანიის დასახელება
B85: 00760 | C85: 1.4.11 | D85: კომპანიის დასახელება
B86: 00770 | C86: 1.4.12 | D86: კომპანიის დასახელება
... B94: 00850 | C94: 1.4.20 | D94: კომპანიის დასახელება
B95: 00860 | C95: 1.5 | D95: გრძელვადიანი სესხები | E95: =SUM(E96:E115) -> 0 | F95: =SUM(F96:F115) -> 0
B96: 00870 | C96: 1.5.1 | D96: კომპანიის დასახელება
B97: 00880 | C97: 1.5.2 | D97: კომპანიის დასახელება
B98: 00890 | C98: 1.5.3 | D98: კომპანიის დასახელება
B99: 00900 | C99: 1.5.4 | D99: კომპანიის დასახელება
B100: 00910 | C100: 1.5.5 | D100: კომპანიის დასახელება
B101: 00920 | C101: 1.5.6 | D101: კომპანიის დასახელება
B102: 00930 | C102: 1.5.7 | D102: კომპანიის დასახელება
B103: 00940 | C103: 1.5.8 | D103: კომპანიის დასახელება
B104: 00950 | C104: 1.5.9 | D104: კომპანიის დასახელება
B105: 00960 | C105: 1.5.10 | D105: კომპანიის დასახელება
B106: 00970 | C106: 1.5.11 | D106: კომპანიის დასახელება
B107: 00980 | C107: 1.5.12 | D107: კომპანიის დასახელება
... B115: 01060 | C115: 1.5.20 | D115: კომპანიის დასახელება
B116: 01070 | C116: 1.6 | D116: გრძელვადიან სესხებზე დარიცხული % | E116: =SUM(E117:E136) -> 0 | F116: =SUM(F117:F136) -> 0
B117: 01080 | C117: 1.6.1 | D117: კომპანიის დასახელება
B118: 01090 | C118: 1.6.2 | D118: კომპანიის დასახელება
B119: 01100 | C119: 1.6.3 | D119: კომპანიის დასახელება
B120: 01110 | C120: 1.6.4 | D120: კომპანიის დასახელება
B121: 01120 | C121: 1.6.5 | D121: კომპანიის დასახელება
B122: 01130 | C122: 1.6.6 | D122: კომპანიის დასახელება
B123: 01140 | C123: 1.6.7 | D123: კომპანიის დასახელება
B124: 01150 | C124: 1.6.8 | D124: კომპანიის დასახელება
B125: 01160 | C125: 1.6.9 | D125: კომპანიის დასახელება
B126: 01170 | C126: 1.6.10 | D126: კომპანიის დასახელება
B127: 01180 | C127: 1.6.11 | D127: კომპანიის დასახელება
B128: 01190 | C128: 1.6.12 | D128: კომპანიის დასახელება
... B136: 01270 | C136: 1.6.20 | D136: კომპანიის დასახელება
B137: 01280 | C137: 2 | D137: სავალო ფასიანი ქაღალდები | E137: =E138+E159+E180+E201+E222+E243 -> 0 | F137: =F138+F159+F180+F201+F222+F243 -> 0
B138: 01290 | C138: 2.1 | D138: მოკლევადიანი სავალო ფასიანი ქაღალდები | E138: =SUM(E139:E158) -> 0 | F138: =SUM(F139:F158) -> 0
B139: 01300 | C139: 2.1.1 | D139: ემიტენტი, სავალო ფასიანი ქაღალდის დასახელება
B140: 01310 | C140: 2.1.2 | D140: ემიტენტი, სავალო ფასიანი ქაღალდის დასახელება
B141: 01320 | C141: 2.1.3 | D141: ემიტენტი, სავალო ფასიანი ქაღალდის დასახელება
B142: 01330 | C142: 2.1.4 | D142: ემიტენტი, სავალო ფასიანი ქაღალდის დასახელება
B143: 01340 | C143: 2.1.5 | D143: ემიტენტი, სავალო ფასიანი ქაღალდის დასახელება
B144: 01350 | C144: 2.1.6 | D144: ემიტენტი, სავალო ფასიანი ქაღალდის დასახელება
B145: 01360 | C145: 2.1.7 | D145: ემიტენტი, სავალო ფასიანი ქაღალდის დასახელება
...

Sheet IS
B1: მზღვეველი: | E1: ფორმა N2
B2: ანგარიშგების პერიოდი:
D4: სრული შემოსავლის ანგარიშგება (მოგება-ზარალის უწყისი)
E5: ლარებში
B6: სტრიქონის კოდი | C6: N | E6: საანგარიშო პერიოდი | F6: გასული წლის შესაბამისი პერიოდი
C8: I. სადაზღვევო საქმიანობა (არასიცოცხლე)
B9: 00010 | C9: 1 | D9: - მოზიდული პრემია, ბრუტო | E9: ='P&C(NL)'!L45+'P&C(NL)'!I232 -> 0 | F9: ='P&C(NL)'!T45+'P&C(NL)'!Q232 -> 0
B10: 00020 | C10: 2 | D10: - გადაზღვევის პრემია | E10: ='P&C(NL)'!I91+'P&C(NL)'!I279 -> 0 | F10: ='P&C(NL)'!Q91+'P&C(NL)'!Q279 -> 0
B11: 00030 | C11: 3 | D11: - ცვლილება გამოუმუშავებელი პრემიის რეზერვში, ბრუტო
B12: 00040 | C12: 4 | D12: - ცვლილება გამოუმუშავებელი პრემიის რეზერვში, გადამზღვევლის წილი
B13: 00050 | C13: 5 | D13: - გამომუშავებული პრემია (ნეტო)/სადაზღვევო შემოსავალი (1-2-3+4) | E13: =E9-E10-E11+E12 -> 0 | F13: =F9-F10-F11+F12 -> 0
B14: 00060 | C14: 6 | D14: - ანაზღაურებული ზარალები | E14: ='P&C(NL)'!L139+'P&C(NL)'!I326 -> 0 | F14: ='P&C(NL)'!T139+'P&C(NL)'!Q326 -> 0
B15: 00070 | C15: 7 | D15: - გადამზღვევლის წილი ანაზღაურებულ ზარალებში | E15: ='P&C(NL)'!K186+'P&C(NL)'!I373 -> 0 | F15: ='P&C(NL)'!S186+'P&C(NL)'!Q373 -> 0
B16: 00080 | C16: 8 | D16: - ცვლილება ზარალების რეზერვში, ბრუტო
B17: 00090 | C17: 9 | D17: - ცვლილება ზარალების რეზერვში, გადამზღვევლის წილი
B18: 00100 | C18: 10 | D18: - შემოსავალი რეგრესიდან და გადარჩენილი ქონებიდან, ნეტო
B19: 00110 | C19: 11 | D19: - სადაზღვევო/დამდგარი ზარალები, ნეტო (6-7+8-9-10) | E19: =E14-E15+E16-E17-E18 -> 0 | F19: =F14-F15+F16-F17-F18 -> 0
B20: 00120 | C20: 12 | D20: - დარიცხული ბონუსები
B21: 00130 | C21: 13 | D21: - საკომისიო შემოსავალი (ხარჯი), წმინდა | E21: ='IS-COM'!E26 -> 0 | F21: ='IS-COM'!F26 -> 0
B22: 00140 | C22: 14 | D22: სადაზღვევო მოგება (ზარალი), წმინდა (5-11-12+13) | E22: =E13-E19-E20+E21 -> 0 | F22: =F13-F19-F20+F21 -> 0
C24: II. სადაზღვევო საქმიანობა (სიცოცხლე)
B25: 00150 | C25: 15 | D25: - მოზიდული პრემია, ბრუტო | E25: ='P&C(L)'!L15+'P&C(L)'!I69 -> 0 | F25: ='P&C(L)'!T15+'P&C(L)'!Q69 -> 0
B26: 00160 | C26: 16 | D26: - გადაზღვევის პრემია | E26: ='P&C(L)'!I26+'P&C(L)'!I80 -> 0 | F26: ='P&C(L)'!Q26+'P&C(L)'!Q80 -> 0
B27: 00170 | C27: 17 | D27: - ცვლილება გამოუმუშავებელი პრემიის რეზერვში, ბრუტო
B28: 00180 | C28: 18 | D28: - ცვლილება გამოუმუშავებელი პრემიის რეზერვში, გადამზღვევლის წილი
B29: 00190 | C29: 19 | D29: - გამომუშავებული პრემია (ნეტო)/სადაზღვევო შემოსავალი (15-16-17+18) | E29: =E25-E26-E27+E28 -> 0 | F29: =F25-F26-F27+F28 -> 0
B30: 00200 | C30: 20 | D30: - ანაზღაურებული ზარალები | E30: ='P&C(L)'!L38+'P&C(L)'!I91 -> 0 | F30: ='P&C(L)'!T38+'P&C(L)'!Q91 -> 0
B31: 00210 | C31: 21 | D31: - გადამზღვევლის წილი ანაზღაურებულ ზარალებში | E31: ='P&C(L)'!K50+'P&C(L)'!E102 -> 0 | F31: ='P&C(L)'!S50+'P&C(L)'!M102 -> 0
B32: 00220 | C32: 22 | D32: - ცვლილება ზარალების რეზერვში, ბრუტო
B33: 00230 | C33: 23 | D33: - ცვლილება ზარალების რეზერვში, გადამზღვევლის წილი
B34: 00240 | C34: 24 | D34: - შემოსავალი რეგრესიდან (სიცოცხლის)
B35: 00250 | C35: 25 | D35: - სადაზღვევო/დამდგარი ზარალები, ნეტო (20-21+22-23-24) | E35: =E30-E31+E32-E33-E34 -> 0 | F35: =F30-F31+F32-F33-F34 -> 0
B36: 00260 | C36: 26 | D36: - ცვლილება სიცოცხლის დაზღვევის რეზერვში, ბრუტო
B37: 00270 | C37: 27 | D37: - ცვლილება სიცოცხლის დაზღვევის რეზერვში, გადამზღვევლის წილი
B38: 00280 | C38: 28 | D38: - ცვლილება სიცოცხლის რეზერვში, ნეტო (26-27) | E38: =E36-E37 -> 0 | F38: =F36-F37 -> 0
B39: 00290 | C39: 29 | D39: - დარიცხული ბონუსები (სიცოცხლის)
B40: 00300 | C40: 30 | D40: - საკომისიო შემოსავალი (ხარჯი), წმინდა | E40: ='IS-COM'!E46 -> 0 | F40: ='IS-COM'!F46 -> 0
B41: 00310 | C41: 31 | D41: სადაზღვევო მოგება (ზარალი), წმინდა (19-25+28-29+30) | E41: =E29-E35+E38-E39+E40 -> 0 | F41: =F29-F35+F38-F39+F40 -> 0
B43: 00320 | C43: 32 | D43: სადაზღვევო მოგება (ზარალი), წმინდა (14+31) | E43: =E22+E41 -> 0 | F43: =F22+F41 -> 0
D45: III. საპენსიო საქმიანობა
B46: 00330 | C46: 33 | D46: - საპენსიო შემოსავალი:
B47: 00340 | C47: 34 | D47: - საპენსიო ხარჯები:
B48: 00350 | C48: 35 | D48: საპენსიო სქემის საინვესტიციო საქმიანობიდან წარმოშობილი ზარალი
B49: 00360 | C49: 36 | D49: შედეგი საპენსიო საქმიანობიდან, წმინდა (33-34–35) | E49: =E46-E47-E48 -> 0 | F49: =F46-F47-F48 -> 0
C51: IV. შემოსავალი ინვესტიციებიდან
B52: 00370 | C52: 37 | D52: - საკრედიტო დაწესებულებებში განთავსებული დეპოზიტები | E52: ='IS-D'!E704 -> 0 | F52: ='IS-D'!F704 -> 0
B53: 00380 | C53: 38 | D53: - ფინანსური აქტივები: - გასაყიდად არსებული | E53: ='IS-FA'!E93 -> 0 | F53: ='IS-FA'!F93 -> 0
B54: 00390 | C54: 39 | D54: - ფინანსური აქტივები: - დაფარვის ვადამდე მფლობელობაში არსებული | E54: ='IS-FA'!E268 -> 0 | F54: ='IS-FA'!F268 -> 0
B55: 00400 | C55: 40 | D55: - ფინანსური აქტივები: - რეალური ღირებულებით ასახული მოგებაში ან ზარალში ასახვით | E55: ='IS-FA'!E443 -> 0 | F55: ='IS-FA'!F443 -> 0
B56: 00410 | C56: 41 | D56: - ინვესტიციები მეკავშირე კომპანიებში | E56: ='IS-I'!E203 -> 0 | F56: ='IS-I'!F203 -> 0
B57: 00420 | C57: 42 | D57: - ინვესტიციები შვილობილ კომპანიებში | E57: ='IS-I'!E400 -> 0 | F57: ='IS-I'!F400 -> 0
B58: 00430 | C58: 43 | D58: - საინვესტიციო ქონება | E58: ='IS-IP & L'!E73 -> 0 | F58: ='IS-IP & L'!F73 -> 0
B59: 00440 | C59: 44 | D59: - გაცემული სესხები | E59: ='IS-IP & L'!E307 -> 0 | F59: ='IS-IP & L'!F307 -> 0
B60: 00450 | C60: 45 | D60: - სხვა ინვესტიციები
B61: 00460 | C61: 46 | D61: შემოსავალი ინვესტიციებიდან (37+38+39+40+41+42+43+44+45) | E61: =SUM(E52:E60) -> 0 | F61: =SUM(F52:F60) -> 0
C63: V. სხვა ხარჯები და შემოსავლები
B64: 00470 | C64: 47 | D64: - ხელფასის ხარჯი და სხვა გაცემები | E64: ='IS-Ex.S & Ex.Ad'!E22 -> 0 | F64: ='IS-Ex.S & Ex.Ad'!F22 -> 0
B65: 00480 | C65: 48 | D65: - ადმინისტრაციული ხარჯები | E65: ='IS-Ex.S & Ex.Ad'!E41 -> 0 | F65: ='IS-Ex.S & Ex.Ad'!F41 -> 0
B66: 00490 | C66: 49 | D66: - გადასახადები | E66: ='IS-Ex.T & Ex.F & O'!E12 -> 0 | F66: ='IS-Ex.T & Ex.F & O'!F12 -> 0
B67: 00500 | C67: 50 | D67: - ცვეთის, ამორტიზაციის და გაუფასურების ხარჯი
B68: 00510 | C68: 51 | D68: - ფინანსური ხარჯი | E68: ='IS-Ex.T & Ex.F & O'!E111 -> 0 | F68: ='IS-Ex.T & Ex.F & O'!F111 -> 0
B69: 00520 | C69: 52 | D69: - ნეგატიური გუდვილი
B70: 00530 | C70: 53 | D70: - სხვა შემოსავალი (ხარჯი), წმინდა | E70: ='IS-Ex.T & Ex.F & O'!E124 -> 0 | F70: ='IS-Ex.T & Ex.F & O'!F124 -> 0
B72: 00540 | C72: 54 | D72: - მოგება (ზარალი) დაბეგვრამდე (32+36+46-47-48-49-50-51-52+53) | E72: =E43+E49+E61-E64-E65-E66-E67-E68-E69+E70 -> 0 | F72: =F43+F49+F61-F64-F65-F66-F67-F68-F69+F70 -> 0
B73: 00550 | C73: 55 | D73: - მოგების გადასახადი
B74: 00560 | C74: 56 | D74: პერიოდის წმინდა მოგება (ზარალი) (54-55) | E74: =E72-E73 -> 0 | F74: =F72-F73 -> 0

Sheet IS-COM
B1: მზღვეველი: | E1: ფორმა N2-1
B2: ანგარიშგების პერიოდი:
D4: საკომისიო შემოსავალი (ხარჯი)
E5: ლარებში
B6: სტრიქონის კოდი | C6: N | E6: საანგარიშო პერიოდი | F6: გასული წლის შესაბამისი პერიოდი
C8: არასიცოცხლის დაზღვევა
B10: 00010 | C10: 1 | D10: გადაზღვევიდან კუთვნილი საკომისიო
B11: 00020 | C11: 2 | D11: გადაზღვევიდან კუთვნილი საკომისიო (გადავადებას დაქვემდებარებული)
B12: 00030 | C12: 3 | D12: ცვლილება გადავადებულ შემოსავალში (გადაზღვევიდან კუთვნილი საკომისიო)
B13: 00040 | C13: 4 | D13: გადამზღვევლისაგან მიღებული საკომისიო, წმინდა (1+2-3) | E13: =E10+E11-E12 -> 0 | F13: =F10+F11-F12 -> 0
B14: 00050 | C14: 5 | D14: ცედენტის კუთვნილი საკომისიო
B15: 00060 | C15: 6 | D15: ცედენტის კუთვნილი საკომისიო (გადავადებას დაქვემდებარებული)
B16: 00070 | C16: 7 | D16: ცვლილება გადავადებულ ხარჯში (ცედენტის კუთვნილი საკომისიო)
B17: 00080 | C17: 8 | D17: ცედენტის კუთვნილი საკომისიო, წმინდა (5+6-7) | E17: =E14+E15-E16 -> 0 | F17: =F14+F15-F16 -> 0
B18: 00090 | C18: 9 | D18: ბროკერის კუთვნილი საკომისიო
B19: 00100 | C19: 10 | D19: ბროკერის კუთვნილი საკომისიო (გადავადებას დაქვემდებარებული)
B20: 00110 | C20: 11 | D20: ცვლილება გადავადებულ ხარჯში (ბროკერის კუთვნილი საკომისიო)
B21: 00120 | C21: 12 | D21: ბროკერის საკომისიო, წმინდა (9+10-11) | E21: =E18+E19-E20 -> 0 | F21: =F18+F19-F20 -> 0
B22: 00130 | C22: 13 | D22: აგენტის კუთვნილი საკომისიო
B23: 00140 | C23: 14 | D23: აგენტის კუთვნილი საკომისიო (გადავადებას დაქვემდებარებული)
B24: 00150 | C24: 15 | D24: ცვლილება გადავადებულ ხარჯში (აგენტის კუთვნილი საკომისიო)
B25: 00160 | C25: 16 | D25: აგენტის საკომისიო, წმინდა (13+14-15) | E25: =E22+E23-E24 -> 0 | F25: =F22+F23-F24 -> 0
B26: 00170 | C26: საკომისიო შემოსავალი (ხარჯი), წმინდა (4-8-12-16) | E26: =E13-E17-E21-E25 -> 0 | F26: =F13-F17-F21-F25 -> 0
C28: სიცოცხლის დაზღვევა
B30: 00180 | C30: 17 | D30: გადაზღვევიდან კუთვნილი საკომისიო
B31: 00190 | C31: 18 | D31: გადაზღვევიდან კუთვნილი საკომისიო (გადავადებას დაქვემდებარებული)
B32: 00200 | C32: 19 | D32: ცვლილება გადავადებულ შემოსავალში (გადაზღვევიდან კუთვნილი საკომისიო)
B33: 00210 | C33: 20 | D33: გადამზღვევლისაგან მიღებული საკომისიო, წმინდა (17+18-19) | E33: =E30+E31-E32 -> 0 | F33: =F30+F31-F32 -> 0
B34: 00220 | C34: 21 | D34: ცედენტის კუთვნილი საკომისიო
B35: 00230 | C35: 22 | D35: ცედენტის კუთვნილი საკომისიო (გადავადებას დაქვემდებარებული)
B36: 00240 | C36: 23 | D36: ცვლილება გადავადებულ ხარჯში (ცედენტის კუთვნილი საკომისიო)
B37: 00250 | C37: 24 | D37: ცედენტის კუთვნილი საკომისიო, წმინდა (21+22-23) | E37: =E34+E35-E36 -> 0 | F37: =F34+F35-F36 -> 0
B38: 00260 | C38: 25 | D38: ბროკერის კუთვნილი საკომისიო
B39: 00270 | C39: 26 | D39: ბროკერის კუთვნილი საკომისიო (გადავადებას დაქვემდებარებული)
B40: 00280 | C40: 27 | D40: ცვლილება გადავადებულ ხარჯში (ბროკერის კუთვნილი საკომისიო)
B41: 00290 | C41: 28 | D41: ბროკერის საკომისიო, წმინდა (25+26-27) | E41: =E38+E39-E40 -> 0 | F41: =F38+F39-F40 -> 0
B42: 00300 | C42: 29 | D42: აგენტის კუთვნილი საკომისიო
B43: 00310 | C43: 30 | D43: აგენტის კუთვნილი საკომისიო (გადავადებას დაქვემდებარებული)
B44: 00320 | C44: 31 | D44: ცვლილება გადავადებულ ხარჯში (აგენტის კუთვნილი საკომისიო)
B45: 00330 | C45: 32 | D45: აგენტის საკომისიო, წმინდა (29+30-31) | E45: =E42+E43-E44 -> 0 | F45: =F42+F43-F44 -> 0
B46: 00340 | C46: საკომისიო შემოსავალი (ხარჯი), წმინდა (20-24-28-32) | E46: =E33-E37-E41-E45 -> 0 | F46: =F33-F37-F41-F45 -> 0

Sheet IS-D
B1: მზღვეველი: | E1: ფორმა N2-2
B2: ანგარიშგების პერიოდი:
D4: შემოსავალი საკრედიტო დაწესებულებებში განთავსებული ფულადი სახსრებიდან
E5: ლარებში
B6: სტრიქონის კოდი | C6: N | E6: საანგარიშო პერიოდი | F6: გასული წლის შესაბამისი პერიოდი
B8: 00010 | C8: 1 | D8: - მიმდინარე ანგარიშებიდან (2+3+4+5) | E8: =E9+E52+E95+E138 -> 0 | F8: =F9+F52+F95+F138 -> 0
B9: 00020 | C9: 2 | D9: ლარი | E9: =E10+E31 -> 0 | F9: =F10+F31 -> 0
B10: 00030 | C10: 2.1 | D10: რეზიდენტ ბანკებში | E10: =SUM(E11:E30) -> 0 | F10: =SUM(F11:F30) -> 0
B11: 00040 | C11: 2.1.1 | D11: ბანკის დასახელება, ბანკის რეგისტრაციის ქვეყანა
B12: 00050 | C12: 2.1.2 | D12: ბანკის დასახელება, ბანკის რეგისტრაციის ქვეყანა
B13: 00060 | C13: 2.1.3 | D13: ბანკის დასახელება, ბანკის რეგისტრაციის ქვეყანა
B14: 00070 | C14: 2.1.4 | D14: ბანკის დასახელება, ბანკის რეგისტრაციის ქვეყანა
B15: 00080 | C15: 2.1.5 | D15: ბანკის დასახელება, ბანკის რეგისტრაციის ქვეყანა
B16: 00090 | C16: 2.1.6 | D16: ბანკის დასახელება, ბანკის რეგისტრაციის ქვეყანა
B17: 00100 | C17: 2.1.7 | D17: ბანკის დასახელება, ბანკის რეგისტრაციის ქვეყანა
B18: 00110 | C18: 2.1.8 | D18: ბანკის დასახელება, ბანკის რეგისტრაციის ქვეყანა
B19: 00120 | C19: 2.1.9 | D19: ბანკის დასახელება, ბანკის რეგისტრაციის ქვეყანა
B20: 00130 | C20: 2.1.10 | D20: ბანკის დასახელება, ბანკის რეგისტრაციის ქვეყანა
B21: 00140 | C21: 2.1.11 | D21: ბანკის დასახელება, ბანკის რეგისტრაციის ქვეყანა
B22: 00150 | C22: 2.1.12 | D22: ბანკის დასახელება, ბანკის რეგისტრაციის ქვეყანა
... B30: 00230 | C30: 2.1.20 | D30: ბანკის დასახელება, ბანკის რეგისტრაციის ქვეყანა
B31: 00240 | C31: 2.2 | D31: არარეზიდენტ ბანკებში | E31: =SUM(E32:E51) -> 0 | F31: =SUM(F32:F51) -> 0
B32: 00250 | C32: 2.2.1 | D32: ბანკის დასახელება, ბანკის რეგისტრაციის ქვეყანა
B33: 00260 | C33: 2.2.2 | D33: ბანკის დასახელება, ბანკის რეგისტრაციის ქვეყანა
B34: 00270 | C34: 2.2.3 | D34: ბანკის დასახელება, ბანკის რეგისტრაციის ქვეყანა
B35: 00280 | C35: 2.2.4 | D35: ბანკის დასახელება, ბანკის რეგისტრაციის ქვეყანა
B36: 00290 | C36: 2.2.5 | D36: ბანკის დასახელება, ბანკის რეგისტრაციის ქვეყანა
B37: 00300 | C37: 2.2.6 | D37: ბანკის დასახელება, ბანკის რეგისტრაციის ქვეყანა
B38: 00310 | C38: 2.2.7 | D38: ბანკის დასახელება, ბანკის რეგისტრაციის ქვეყანა
B39: 00320 | C39: 2.2.8 | D39: ბანკის დასახელება, ბანკის რეგისტრაციის ქვეყანა
B40: 00330 | C40: 2.2.9 | D40: ბანკის დასახელება, ბანკის რეგისტრაციის ქვეყანა
B41: 00340 | C41: 2.2.10 | D41: ბანკის დასახელება, ბანკის რეგისტრაციის ქვეყანა
B42: 00350 | C42: 2.2.11 | D42: ბანკის დასახელება, ბანკის რეგისტრაციის ქვეყანა
B43: 00360 | C43: 2.2.12 | D43: ბანკის დასახელება, ბანკის რეგისტრაციის ქვეყანა
... B51: 00440 | C51: 2.2.20 | D51: ბანკის დასახელება, ბანკის რეგისტრაციის ქვეყანა
B52: 00450 | C52: 3 | D52: აშშ დოლარი | E52: =E53+E74 -> 0 | F52: =F53+F74 -> 0
B53: 00460 | C53: 3.1 | D53: რეზიდენტ ბანკებში | E53: =SUM(E54:E73) -> 0 | F53: =SUM(F54:F73) -> 0
B54: 00470 | C54: 3.1.1 | D54: ბანკის დასახელება, ბანკის რეგისტრაციის ქვეყანა
B55: 00480 | C55: 3.1.2 | D55: ბანკის დასახელება, ბანკის რეგისტრაციის ქვეყანა
B56: 00490 | C56: 3.1.3 | D56: ბანკის დასახელება, ბანკის რეგისტრაციის ქვეყანა
B57: 00500 | C57: 3.1.4 | D57: ბანკის დასახელება, ბანკის რეგისტრაციის ქვეყანა
B58: 00510 | C58: 3.1.5 | D58: ბანკის დასახელება, ბანკის რეგისტრაციის ქვეყანა
B59: 00520 | C59: 3.1.6 | D59: ბანკის დასახელება, ბანკის რეგისტრაციის ქვეყანა
B60: 00530 | C60: 3.1.7 | D60: ბანკის დასახელება, ბანკის რეგისტრაციის ქვეყანა
B61: 00540 | C61: 3.1.8 | D61: ბანკის დასახელება, ბანკის რეგისტრაციის ქვეყანა
B62: 00550 | C62: 3.1.9 | D62: ბანკის დასახელება, ბანკის რეგისტრაციის ქვეყანა
B63: 00560 | C63: 3.1.10 | D63: ბანკის დასახელება, ბანკის რეგისტრაციის ქვეყანა
B64: 00570 | C64: 3.1.11 | D64: ბანკის დასახელება, ბანკის რეგისტრაციის ქვეყანა
B65: 00580 | C65: 3.1.12 | D65: ბანკის დასახელება, ბანკის რეგისტრაციის ქვეყანა
... B73: 00660 | C73: 3.1.20 | D73: ბანკის დასახელება, ბანკის რეგისტრაციის ქვეყანა
B74: 00670 | C74: 3.2 | D74: არარეზიდენტ ბანკებში | E74: =SUM(E75:E94) -> 0 | F74: =SUM(F75:F94) -> 0
B75: 00680 | C75: 3.2.1 | D75: ბანკის დასახელება, ბანკის რეგისტრაციის ქვეყანა
B76: 00690 | C76: 3.2.2 | D76: ბანკის დასახელება, ბანკის რეგისტრაციის ქვეყანა
B77: 00700 | C77: 3.2.3 | D77: ბანკის დასახელება, ბანკის რეგისტრაციის ქვეყანა
B78: 00710 | C78: 3.2.4 | D78: ბანკის დასახელება, ბანკის რეგისტრაციის ქვეყანა
B79: 00720 | C79: 3.2.5 | D79: ბანკის დასახელება, ბანკის რეგისტრაციის ქვეყანა
B80: 00730 | C80: 3.2.6 | D80: ბანკის დასახელება, ბანკის რეგისტრაციის ქვეყანა
B81: 00740 | C81: 3.2.7 | D81: ბანკის დასახელება, ბანკის რეგისტრაციის ქვეყანა
B82: 00750 | C82: 3.2.8 | D82: ბანკის დასახელება, ბანკის რეგისტრაციის ქვეყანა
B83: 00760 | C83: 3.2.9 | D83: ბანკის დასახელება, ბანკის რეგისტრაციის ქვეყანა
B84: 00770 | C84: 3.2.10 | D84: ბანკის დასახელება, ბანკის რეგისტრაციის ქვეყანა
B85: 00780 | C85: 3.2.11 | D85: ბანკის დასახელება, ბანკის რეგისტრაციის ქვეყანა
B86: 00790 | C86: 3.2.12 | D86: ბანკის დასახელება, ბანკის რეგისტრაციის ქვეყანა
... B94: 00870 | C94: 3.2.20 | D94: ბანკის დასახელება, ბანკის რეგისტრაციის ქვეყანა
B95: 00880 | C95: 4 | D95: ევრო | E95: =E96+E117 -> 0 | F95: =F96+F117 -> 0
B96: 00890 | C96: 4.1 | D96: რეზიდენტ ბანკებში | E96: =SUM(E97:E116) -> 0 | F96: =SUM(F97:F116) -> 0
B97: 00900 | C97: 4.1.1 | D97: ბანკის დასახელება, ბანკის რეგისტრაციის ქვეყანა
B98: 00910 | C98: 4.1.2 | D98: ბანკის დასახელება, ბანკის რეგისტრაციის ქვეყანა
B99: 00920 | C99: 4.1.3 | D99: ბანკის დასახელება, ბანკის რეგისტრაციის ქვეყანა
B100: 00930 | C100: 4.1.4 | D100: ბანკის დასახელება, ბანკის რეგისტრაციის ქვეყანა
B101: 00940 | C101: 4.1.5 | D101: ბანკის დასახელება, ბანკის რეგისტრაციის ქვეყანა
B102: 00950 | C102: 4.1.6 | D102: ბანკის დასახელება, ბანკის რეგისტრაციის ქვეყანა
B103: 00960 | C103: 4.1.7 | D103: ბანკის დასახელება, ბანკის რეგისტრაციის ქვეყანა
B104: 00970 | C104: 4.1.8 | D104: ბანკის დასახელება, ბანკის რეგისტრაციის ქვეყანა
B105: 00980 | C105: 4.1.9 | D105: ბანკის დასახელება, ბანკის რეგისტრაციის ქვეყანა
B106: 00990 | C106: 4.1.10 | D106: ბანკის დასახელება, ბანკის რეგისტრაციის ქვეყანა
B107: 01000 | C107: 4.1.11 | D107: ბანკის დასახელება, ბანკის რეგისტრაციის ქვეყანა
B108: 01010 | C108: 4.1.12 | D108: ბანკის დასახელება, ბანკის რეგისტრაციის ქვეყანა
... B116: 01090 | C116: 4.1.20 | D116: ბანკის დასახელება, ბანკის რეგისტრაციის ქვეყანა
B117: 01100 | C117: 4.2 | D117: არარეზიდენტ ბანკებში | E117: =SUM(E118:E137) -> 0 | F117: =SUM(F118:F137) -> 0
B118: 01110 | C118: 4.2.1 | D118: ბანკის დასახელება, ბანკის რეგისტრაციის ქვეყანა
B119: 01120 | C119: 4.2.2 | D119: ბანკის დასახელება, ბანკის რეგისტრაციის ქვეყანა
B120: 01130 | C120: 4.2.3 | D120: ბანკის დასახელება, ბანკის რეგისტრაციის ქვეყანა
B121: 01140 | C121: 4.2.4 | D121: ბანკის დასახელება, ბანკის რეგისტრაციის ქვეყანა
B122: 01150 | C122: 4.2.5 | D122: ბანკის დასახელება, ბანკის რეგისტრაციის ქვეყანა
B123: 01160 | C123: 4.2.6 | D123: ბანკის დასახელება, ბანკის რეგისტრაციის ქვეყანა
B124: 01170 | C124: 4.2.7 | D124: ბანკის დასახელება, ბანკის რეგისტრაციის ქვეყანა
B125: 01180 | C125: 4.2.8 | D125: ბანკის დასახელება, ბანკის რეგისტრაციის ქვეყანა
B126: 01190 | C126: 4.2.9 | D126: ბანკის დასახელება, ბანკის რეგისტრაციის ქვეყანა
B127: 01200 | C127: 4.2.10 | D127: ბანკის დასახელება, ბანკის რეგისტრაციის ქვეყანა
B128: 01210 | C128: 4.2.11 | D128: ბანკის დასახელება, ბანკის რეგისტრაციის ქვეყანა
B129: 01220 | C129: 4.2.12 | D129: ბანკის დასახელება, ბანკის რეგისტრაციის ქვეყანა
... B137: 01300 | C137: 4.2.20 | D137: ბანკის დასახელება, ბანკის რეგისტრაციის ქვეყანა
B138: 01310 | C138: 5 | D138: სხვა | E138: =E139+E160 -> 0 | F138: =F139+F160 -> 0
B139: 01320 | C139: 5.1 | D139: რეზიდენტ ბანკებში | E139: =SUM(E140:E159) -> 0 | F139: =SUM(F140:F159) -> 0
B140: 01330 | C140: 5.1.1 | D140: ბანკის დასახელება, ბანკის რეგისტრაციის ქვეყანა
B141: 01340 | C141: 5.1.2 | D141: ბანკის დასახელება, ბანკის რეგისტრაციის ქვეყანა
B142: 01350 | C142: 5.1.3 | D142: ბანკის დასახელება, ბანკის რეგისტრაციის ქვეყანა
B143: 01360 | C143: 5.1.4 | D143: ბანკის დასახელება, ბანკის რეგისტრაციის ქვეყანა
B144: 01370 | C144: 5.1.5 | D144: ბანკის დასახელება, ბანკის რეგისტრაციის ქვეყანა
...

Sheet IS-FA
B1: მზღვეველი: | E1: ფორმა N2-3
B2: ანგარიშგების პერიოდი:
D4: შემოსავალი ფინანსური აქტივებიდან
E5: ლარებში
B6: სტრიქონის კოდი | C6: N | E6: საანგარიშო პერიოდი | F6: გასული წლის შესაბამისი პერიოდი
C8: შემოსავალი გასაყიდად არსებული ფინანსური აქტივებიდან
B9: 00010 | C9: 1 | D9: წილობრივი ინსტრუმენტები | E9: =SUM(E10:E29) -> 0 | F9: =SUM(F10:F29) -> 0
B10: 00020 | C10: 1.1 | D10: წილობრივი ინსტრუმენტის დასახელება, ემიტენტი, რეგისტრაციის ქვეყანა
B11: 00030 | C11: 1.2 | D11: წილობრივი ინსტრუმენტის დასახელება, ემიტენტი, რეგისტრაციის ქვეყანა
B12: 00040 | C12: 1.3 | D12: წილობრივი ინსტრუმენტის დასახელება, ემიტენტი, რეგისტრაციის ქვეყანა
B13: 00050 | C13: 1.4 | D13: წილობრივი ინსტრუმენტის დასახელება, ემიტენტი, რეგისტრაციის ქვეყანა
B14: 00060 | C14: 1.5 | D14: წილობრივი ინსტრუმენტის დასახელება, ემიტენტი, რეგისტრაციის ქვეყანა
B15: 00070 | C15: 1.6 | D15: წილობრივი ინსტრუმენტის დასახელება, ემიტენტი, რეგისტრაციის ქვეყანა
B16: 00080 | C16: 1.7 | D16: წილობრივი ინსტრუმენტის დასახელება, ემიტენტი, რეგისტრაციის ქვეყანა
B17: 00090 | C17: 1.8 | D17: წილობრივი ინსტრუმენტის დასახელება, ემიტენტი, რეგისტრაციის ქვეყანა
B18: 00100 | C18: 1.9 | D18: წილობრივი ინსტრუმენტის დასახელება, ემიტენტი, რეგისტრაციის ქვეყანა
B19: 00110 | C19: 1.10 | D19: წილობრივი ინსტრუმენტის დასახელება, ემიტენტი, რეგისტრაციის ქვეყანა
B20: 00120 | C20: 1.11 | D20: წილობრივი ინსტრუმენტის დასახელება, ემიტენტი, რეგისტრაციის ქვეყანა
B21: 00130 | C21: 1.12 | D21: წილობრივი ინსტრუმენტის დასახელება, ემიტენტი, რეგისტრაციის ქვეყანა
... B29: 00210 | C29: 1.20 | D29: წილობრივი ინსტრუმენტის დასახელება, ემიტენტი, რეგისტრაციის ქვეყანა
B30: 00220 | C30: 2 | D30: სახელმწიფო სასესხო ფასიანი ქაღალდები | E30: =SUM(E31:E50) -> 0 | F30: =SUM(F31:F50) -> 0
B31: 00230 | C31: 2.1 | D31: სასესხო ფასიანი ქაღალდის დასახელება, ემიტენტი, რეგისტრაციის ქვეყანა
B32: 00240 | C32: 2.2 | D32: სასესხო ფასიანი ქაღალდის დასახელება, ემიტენტი, რეგისტრაციის ქვეყანა
B33: 00250 | C33: 2.3 | D33: სასესხო ფასიანი ქაღალდის დასახელება, ემიტენტი, რეგისტრაციის ქვეყანა
B34: 00260 | C34: 2.4 | D34: სასესხო ფასიანი ქაღალდის დასახელება, ემიტენტი, რეგისტრაციის ქვეყანა
B35: 00270 | C35: 2.5 | D35: სასესხო ფასიანი ქაღალდის დასახელება, ემიტენტი, რეგისტრაციის ქვეყანა
B36: 00280 | C36: 2.6 | D36: სასესხო ფასიანი ქაღალდის დასახელება, ემიტენტი, რეგისტრაციის ქვეყანა
B37: 00290 | C37: 2.7 | D37: სასესხო ფასიანი ქაღალდის დასახელება, ემიტენტი, რეგისტრაციის ქვეყანა
B38: 00300 | C38: 2.8 | D38: სასესხო ფასიანი ქაღალდის დასახელება, ემიტენტი, რეგისტრაციის ქვეყანა
B39: 00310 | C39: 2.9 | D39: სასესხო ფასიანი ქაღალდის დასახელება, ემიტენტი, რეგისტრაციის ქვეყანა
B40: 00320 | C40: 2.10 | D40: სასესხო ფასიანი ქაღალდის დასახელება, ემიტენტი, რეგისტრაციის ქვეყანა
B41: 00330 | C41: 2.11 | D41: სასესხო ფასიანი ქაღალდის დასახელება, ემიტენტი, რეგისტრაციის ქვეყანა
B42: 00340 | C42: 2.12 | D42: სასესხო ფასიანი ქაღალდის დასახელება, ემიტენტი, რეგისტრაციის ქვეყანა
... B50: 00420 | C50: 2.20 | D50: სასესხო ფასიანი ქაღალდის დასახელება, ემიტენტი, რეგისტრაციის ქვეყანა
B51: 00430 | C51: 3 | D51: კორპორაციული სასესხო ფასიანი ქაღალდები | E51: =SUM(E52:E71) -> 0 | F51: =SUM(F52:F71) -> 0
B52: 00440 | C52: 3.1 | D52: სასესხო ფასიანი ქაღალდის დასახელება, ემიტენტი, რეგისტრაციის ქვეყანა
B53: 00450 | C53: 3.2 | D53: სასესხო ფასიანი ქაღალდის დასახელება, ემიტენტი, რეგისტრაციის ქვეყანა
B54: 00460 | C54: 3.3 | D54: სასესხო ფასიანი ქაღალდის დასახელება, ემიტენტი, რეგისტრაციის ქვეყანა
B55: 00470 | C55: 3.4 | D55: სასესხო ფასიანი ქაღალდის დასახელება, ემიტენტი, რეგისტრაციის ქვეყანა
B56: 00480 | C56: 3.5 | D56: სასესხო ფასიანი ქაღალდის დასახელება, ემიტენტი, რეგისტრაციის ქვეყანა
B57: 00490 | C57: 3.6 | D57: სასესხო ფასიანი ქაღალდის დასახელება, ემიტენტი, რეგისტრაციის ქვეყანა
B58: 00500 | C58: 3.7 | D58: სასესხო ფასიანი ქაღალდის დასახელება, ემიტენტი, რეგისტრაციის ქვეყანა
B59: 00510 | C59: 3.8 | D59: სასესხო ფასიანი ქაღალდის დასახელება, ემიტენტი, რეგისტრაციის ქვეყანა
B60: 00520 | C60: 3.9 | D60: სასესხო ფასიანი ქაღალდის დასახელება, ემიტენტი, რეგისტრაციის ქვეყანა
B61: 00530 | C61: 3.10 | D61: სასესხო ფასიანი ქაღალდის დასახელება, ემიტენტი, რეგისტრაციის ქვეყანა
B62: 00540 | C62: 3.11 | D62: სასესხო ფასიანი ქაღალდის დასახელება, ემიტენტი, რეგისტრაციის ქვეყანა
B63: 00550 | C63: 3.12 | D63: სასესხო ფასიანი ქაღალდის დასახელება, ემიტენტი, რეგისტრაციის ქვეყანა
... B71: 00630 | C71: 3.20 | D71: სასესხო ფასიანი ქაღალდის დასახელება, ემიტენტი, რეგისტრაციის ქვეყანა
B72: 00640 | C72: 4 | D72: სხვა გასაყიდად არსებული ფინანსური აქტივები | E72: =SUM(E73:E92) -> 0 | F72: =SUM(F73:F92) -> 0
B73: 00650 | C73: 4.1 | D73: სხვა ფინანსური აქტივის დასახელება, ემიტენტი, რეგისტრაციის ქვეყანა
B74: 00660 | C74: 4.2 | D74: სხვა ფინანსური აქტივის დასახელება, ემიტენტი, რეგისტრაციის ქვეყანა
B75: 00670 | C75: 4.3 | D75: სხვა ფინანსური აქტივის დასახელება, ემიტენტი, რეგისტრაციის ქვეყანა
B76: 00680 | C76: 4.4 | D76: სხვა ფინანსური აქტივის დასახელება, ემიტენტი, რეგისტრაციის ქვეყანა
B77: 00690 | C77: 4.5 | D77: სხვა ფინანსური აქტივის დასახელება, ემიტენტი, რეგისტრაციის ქვეყანა
B78: 00700 | C78: 4.6 | D78: სხვა ფინანსური აქტივის დასახელება, ემიტენტი, რეგისტრაციის ქვეყანა
B79: 00710 | C79: 4.7 | D79: სხვა ფინანსური აქტივის დასახელება, ემიტენტი, რეგისტრაციის ქვეყანა
B80: 00720 | C80: 4.8 | D80: სხვა ფინანსური აქტივის დასახელება, ემიტენტი, რეგისტრაციის ქვეყანა
B81: 00730 | C81: 4.9 | D81: სხვა ფინანსური აქტივის დასახელება, ემიტენტი, რეგისტრაციის ქვეყანა
B82: 00740 | C82: 4.10 | D82: სხვა ფინანსური აქტივის დასახელება, ემიტენტი, რეგისტრაციის ქვეყანა
B83: 00750 | C83: 4.11 | D83: სხვა ფინანსური აქტივის დასახელება, ემიტენტი, რეგისტრაციის ქვეყანა
B84: 00760 | C84: 4.12 | D84: სხვა ფინანსური აქტივის დასახელება, ემიტენტი, რეგისტრაციის ქვეყანა
... B92: 00840 | C92: 4.20 | D92: სხვა ფინანსური აქტივის დასახელება, ემიტენტი, რეგისტრაციის ქვეყანა
B93: 00850 | C93: სულ შემოსავალი გასაყიდად არსებული ფინანსური აქტივებიდან: (1+2+3+4) | E93: =E9+E30+E51+E72 -> 0 | F93: =F9+F30+F51+F72 -> 0
C95: შემოსავალი დაფარვის ვადამდე მფლობელობაში არსებული ფინანსური აქტივებიდან
B96: 00860 | C96: 1 | D96: წილობრივი ინსტრუმენტები | E96: =E97+E118 -> 0 | F96: =F97+F118 -> 0
B97: 00870 | C97: 1.1 | D97: მოკლევადიანი | E97: =SUM(E98:E117) -> 0 | F97: =SUM(F98:F117) -> 0
B98: 00880 | C98: 1.1.1 | D98: წილობრივი ინსტრუმენტის დასახელება, ემიტენტი, რეგისტრაციის ქვეყანა
B99: 00890 | C99: 1.1.2 | D99: წილობრივი ინსტრუმენტის დასახელება, ემიტენტი, რეგისტრაციის ქვეყანა
B100: 00900 | C100: 1.1.3 | D100: წილობრივი ინსტრუმენტის დასახელება, ემიტენტი, რეგისტრაციის ქვეყანა
B101: 00910 | C101: 1.1.4 | D101: წილობრივი ინსტრუმენტის დასახელება, ემიტენტი, რეგისტრაციის ქვეყანა
B102: 00920 | C102: 1.1.5 | D102: წილობრივი ინსტრუმენტის დასახელება, ემიტენტი, რეგისტრაციის ქვეყანა
B103: 00930 | C103: 1.1.6 | D103: წილობრივი ინსტრუმენტის დასახელება, ემიტენტი, რეგისტრაციის ქვეყანა
B104: 00940 | C104: 1.1.7 | D104: წილობრივი ინსტრუმენტის დასახელება, ემიტენტი, რეგისტრაციის ქვეყანა
B105: 00950 | C105: 1.1.8 | D105: წილობრივი ინსტრუმენტის დასახელება, ემიტენტი, რეგისტრაციის ქვეყანა
B106: 00960 | C106: 1.1.9 | D106: წილობრივი ინსტრუმენტის დასახელება, ემიტენტი, რეგისტრაციის ქვეყანა
B107: 00970 | C107: 1.1.10 | D107: წილობრივი ინსტრუმენტის დასახელება, ემიტენტი, რეგისტრაციის ქვეყანა
B108: 00980 | C108: 1.1.11 | D108: წილობრივი ინსტრუმენტის დასახელება, ემიტენტი, რეგისტრაციის ქვეყანა
B109: 00990 | C109: 1.1.12 | D109: წილობრივი ინსტრუმენტის დასახელება, ემიტენტი, რეგისტრაციის ქვეყანა
... B117: 01070 | C117: 1.1.20 | D117: წილობრივი ინსტრუმენტის დასახელება, ემიტენტი, რეგისტრაციის ქვეყანა
B118: 01080 | C118: 1.2 | D118: გრძელვადიანი | E118: =SUM(E119:E138) -> 0 | F118: =SUM(F119:F138) -> 0
B119: 01090 | C119: 1.2.1 | D119: წილობრივი ინსტრუმენტის დასახელება, ემიტენტი, რეგისტრაციის ქვეყანა
B120: 01100 | C120: 1.2.2 | D120: წილობრივი ინსტრუმენტის დასახელება, ემიტენტი, რეგისტრაციის ქვეყანა
B121: 01110 | C121: 1.2.3 | D121: წილობრივი ინსტრუმენტის დასახელება, ემიტენტი, რეგისტრაციის ქვეყანა
B122: 01120 | C122: 1.2.4 | D122: წილობრივი ინსტრუმენტის დასახელება, ემიტენტი, რეგისტრაციის ქვეყანა
B123: 01130 | C123: 1.2.5 | D123: წილობრივი ინსტრუმენტის დასახელება, ემიტენტი, რეგისტრაციის ქვეყანა
B124: 01140 | C124: 1.2.6 | D124: წილობრივი ინსტრუმენტის დასახელება, ემიტენტი, რეგისტრაციის ქვეყანა
B125: 01150 | C125: 1.2.7 | D125: წილობრივი ინსტრუმენტის დასახელება, ემიტენტი, რეგისტრაციის ქვეყანა
B126: 01160 | C126: 1.2.8 | D126: წილობრივი ინსტრუმენტის დასახელება, ემიტენტი, რეგისტრაციის ქვეყანა
B127: 01170 | C127: 1.2.9 | D127: წილობრივი ინსტრუმენტის დასახელება, ემიტენტი, რეგისტრაციის ქვეყანა
B128: 01180 | C128: 1.2.10 | D128: წილობრივი ინსტრუმენტის დასახელება, ემიტენტი, რეგისტრაციის ქვეყანა
B129: 01190 | C129: 1.2.11 | D129: წილობრივი ინსტრუმენტის დასახელება, ემიტენტი, რეგისტრაციის ქვეყანა
B130: 01200 | C130: 1.2.12 | D130: წილობრივი ინსტრუმენტის დასახელება, ემიტენტი, რეგისტრაციის ქვეყანა
... B138: 01280 | C138: 1.2.20 | D138: წილობრივი ინსტრუმენტის დასახელება, ემიტენტი, რეგისტრაციის ქვეყანა
B139: 01290 | C139: 2 | D139: სახელმწიფო სასესხო ფასიანი ქაღალდები | E139: =E140+E161 -> 0 | F139: =F140+F161 -> 0
B140: 01300 | C140: 2.1 | D140: მოკლევადიანი | E140: =SUM(E141:E160) -> 0 | F140: =SUM(F141:F160) -> 0
B141: 01310 | C141: 2.1.1 | D141: სასესხო ფასიანი ქაღალდის დასახელება, ემიტენტი, რეგისტრაციის ქვეყანა
B142: 01320 | C142: 2.1.2 | D142: სასესხო ფასიანი ქაღალდის დასახელება, ემიტენტი, რეგისტრაციის ქვეყანა
B143: 01330 | C143: 2.1.3 | D143: სასესხო ფასიანი ქაღალდის დასახელება, ემიტენტი, რეგისტრაციის ქვეყანა
B144: 01340 | C144: 2.1.4 | D144: სასესხო ფასიანი ქაღალდის დასახელება, ემიტენტი, რეგისტრაციის ქვეყანა
B145: 01350 | C145: 2.1.5 | D145: სასესხო ფასიანი ქაღალდის დასახელება, ემიტენტი, რეგისტრაციის ქვეყანა
...

Sheet IS-I
B1: მზღვეველი: | E1: ფორმა N2-4
B2: ანგარიშგების პერიოდი:
D4: შემოსავლები ინვესტიციებიდან
E5: ლარებში
B6: სტრიქონის კოდი | C6: N | E6: საანგარიშო პერიოდი | F6: გასული წლის შესაბამისი პერიოდი
C8: მეკავშირე კომპანიები
B10: 00010 | C10: 1 | D10: მონაწილეობა კაპიტალში | E10: =SUM(E11:E30) -> 0 | F10: =SUM(F11:F30) -> 0
B11: 00020 | C11: 1.1 | D11: წილობრივი ინსტრუმენტის დასახელება, ემიტენტი, რეგისტრაციის ქვეყანა
B12: 00030 | C12: 1.2 | D12: წილობრივი ინსტრუმენტის დასახელება, ემიტენტი, რეგისტრაციის ქვეყანა
B13: 00040 | C13: 1.3 | D13: წილობრივი ინსტრუმენტის დასახელება, ემიტენტი, რეგისტრაციის ქვეყანა
B14: 00050 | C14: 1.4 | D14: წილობრივი ინსტრუმენტის დასახელება, ემიტენტი, რეგისტრაციის ქვეყანა
B15: 00060 | C15: 1.5 | D15: წილობრივი ინსტრუმენტის დასახელება, ემიტენტი, რეგისტრაციის ქვეყანა
B16: 00070 | C16: 1.6 | D16: წილობრივი ინსტრუმენტის დასახელება, ემიტენტი, რეგისტრაციის ქვეყანა
B17: 00080 | C17: 1.7 | D17: წილობრივი ინსტრუმენტის დასახელება, ემიტენტი, რეგისტრაციის ქვეყანა
B18: 00090 | C18: 1.8 | D18: წილობრივი ინსტრუმენტის დასახელება, ემიტენტი, რეგისტრაციის ქვეყანა
B19: 00100 | C19: 1.9 | D19: წილობრივი ინსტრუმენტის დასახელება, ემიტენტი, რეგისტრაციის ქვეყანა
B20: 00110 | C20: 1.1 | D20: წილობრივი ინსტრუმენტის დასახელება, ემიტენტი, რეგისტრაციის ქვეყანა
B21: 00120 | C21: 1.11 | D21: წილობრივი ინსტრუმენტის დასახელება, ემიტენტი, რეგისტრაციის ქვეყანა
B22: 00130 | C22: 1.12 | D22: წილობრივი ინსტრუმენტის დასახელება, ემიტენტი, რეგისტრაციის ქვეყანა
... B30: 00210 | C30: 1.2 | D30: წილობრივი ინსტრუმენტის დასახელება, ემიტენტი, რეგისტრაციის ქვეყანა
B31: 00220 | C31: 2 | D31: სასესხო ფასიანი ქაღალდები | E31: =E32+E53 -> 0 | F31: =F32+F53 -> 0
B32: 00230 | C32: 2.1 | D32: სასესხო ფასიანი ქაღალდები (მოკლევადიანი) | E32: =SUM(E33:E52) -> 0 | F32: =SUM(F33:F52) -> 0
B33: 00240 | C33: 2.1.1 | D33: სასესხო ფასიანი ქაღალდის დასახელება, ემიტენტი, რეგისტრაციის ქვეყანა
B34: 00250 | C34: 2.1.2 | D34: სასესხო ფასიანი ქაღალდის დასახელება, ემიტენტი, რეგისტრაციის ქვეყანა
B35: 00260 | C35: 2.1.3 | D35: სასესხო ფასიანი ქაღალდის დასახელება, ემიტენტი, რეგისტრაციის ქვეყანა
B36: 00270 | C36: 2.1.4 | D36: სასესხო ფასიანი ქაღალდის დასახელება, ემიტენტი, რეგისტრაციის ქვეყანა
B37: 00280 | C37: 2.1.5 | D37: სასესხო ფასიანი ქაღალდის დასახელება, ემიტენტი, რეგისტრაციის ქვეყანა
B38: 00290 | C38: 2.1.6 | D38: სასესხო ფასიანი ქაღალდის დასახელება, ემიტენტი, რეგისტრაციის ქვეყანა
B39: 00300 | C39: 2.1.7 | D39: სასესხო ფასიანი ქაღალდის დასახელება, ემიტენტი, რეგისტრაციის ქვეყანა
B40: 00310 | C40: 2.1.8 | D40: სასესხო ფასიანი ქაღალდის დასახელება, ემიტენტი, რეგისტრაციის ქვეყანა
B41: 00320 | C41: 2.1.9 | D41: სასესხო ფასიანი ქაღალდის დასახელება, ემიტენტი, რეგისტრაციის ქვეყანა
B42: 00330 | C42: 2.1.10 | D42: სასესხო ფასიანი ქაღალდის დასახელება, ემიტენტი, რეგისტრაციის ქვეყანა
B43: 00340 | C43: 2.1.11 | D43: სასესხო ფასიანი ქაღალდის დასახელება, ემიტენტი, რეგისტრაციის ქვეყანა
B44: 00350 | C44: 2.1.12 | D44: სასესხო ფასიანი ქაღალდის დასახელება, ემიტენტი, რეგისტრაციის ქვეყანა
... B52: 00430 | C52: 2.1.20 | D52: სასესხო ფასიანი ქაღალდის დასახელება, ემიტენტი, რეგისტრაციის ქვეყანა
B53: 00440 | C53: 2.2 | D53: სასესხო ფასიანი ქაღალდები (გრძელვადიანი) | E53: =SUM(E54:E73) -> 0 | F53: =SUM(F54:F73) -> 0
B54: 00450 | C54: 2.2.1 | D54: სასესხო ფასიანი ქაღალდის დასახელება, ემიტენტი, რეგისტრაციის ქვეყანა
B55: 00460 | C55: 2.2.2 | D55: სასესხო ფასიანი ქაღალდის დასახელება, ემიტენტი, რეგისტრაციის ქვეყანა
B56: 00470 | C56: 2.2.3 | D56: სასესხო ფასიანი ქაღალდის დასახელება, ემიტენტი, რეგისტრაციის ქვეყანა
B57: 00480 | C57: 2.2.4 | D57: სასესხო ფასიანი ქაღალდის დასახელება, ემიტენტი, რეგისტრაციის ქვეყანა
B58: 00490 | C58: 2.2.5 | D58: სასესხო ფასიანი ქაღალდის დასახელება, ემიტენტი, რეგისტრაციის ქვეყანა
B59: 00500 | C59: 2.2.6 | D59: სასესხო ფასიანი ქაღალდის დასახელება, ემიტენტი, რეგისტრაციის ქვეყანა
B60: 00510 | C60: 2.2.7 | D60: სასესხო ფასიანი ქაღალდის დასახელება, ემიტენტი, რეგისტრაციის ქვეყანა
B61: 00520 | C61: 2.2.8 | D61: სასესხო ფასიანი ქაღალდის დასახელება, ემიტენტი, რეგისტრაციის ქვეყანა
B62: 00530 | C62: 2.2.9 | D62: სასესხო ფასიანი ქაღალდის დასახელება, ემიტენტი, რეგისტრაციის ქვეყანა
B63: 00540 | C63: 2.2.10 | D63: სასესხო ფასიანი ქაღალდის დასახელება, ემიტენტი, რეგისტრაციის ქვეყანა
B64: 00550 | C64: 2.2.11 | D64: სასესხო ფასიანი ქაღალდის დასახელება, ემიტენტი, რეგისტრაციის ქვეყანა
B65: 00560 | C65: 2.2.12 | D65: სასესხო ფასიანი ქაღალდის დასახელება, ემიტენტი, რეგისტრაციის ქვეყანა
... B73: 00640 | C73: 2.2.20 | D73: სასესხო ფასიანი ქაღალდის დასახელება, ემიტენტი, რეგისტრაციის ქვეყანა
B74: 00650 | C74: 3 | D74: უზრუნველყოფილი სესხები | E74: =E75+E96 -> 0 | F74: =F75+F96 -> 0
B75: 00660 | C75: 3.1 | D75: უზრუნველყოფილი სესხები (მოკლევადიანი) | E75: =SUM(E76:E95) -> 0 | F75: =SUM(F76:F95) -> 0
B76: 00670 | C76: 3.1.1 | D76: მსესხებელი, უზრუნველყოფის საგნის დასახელება, რეგისტარაციის ქვეყანა
B77: 00680 | C77: 3.1.2 | D77: მსესხებელი, უზრუნველყოფის საგნის დასახელება, რეგისტარაციის ქვეყანა
B78: 00690 | C78: 3.1.3 | D78: მსესხებელი, უზრუნველყოფის საგნის დასახელება, რეგისტარაციის ქვეყანა
B79: 00700 | C79: 3.1.4 | D79: მსესხებელი, უზრუნველყოფის საგნის დასახელება, რეგისტარაციის ქვეყანა
B80: 00710 | C80: 3.1.5 | D80: მსესხებელი, უზრუნველყოფის საგნის დასახელება, რეგისტარაციის ქვეყანა
B81: 00720 | C81: 3.1.6 | D81: მსესხებელი, უზრუნველყოფის საგნის დასახელება, რეგისტარაციის ქვეყანა
B82: 00730 | C82: 3.1.7 | D82: მსესხებელი, უზრუნველყოფის საგნის დასახელება, რეგისტარაციის ქვეყანა
B83: 00740 | C83: 3.1.8 | D83: მსესხებელი, უზრუნველყოფის საგნის დასახელება, რეგისტარაციის ქვეყანა
B84: 00750 | C84: 3.1.9 | D84: მსესხებელი, უზრუნველყოფის საგნის დასახელება, რეგისტარაციის ქვეყანა
B85: 00760 | C85: 3.1.10 | D85: მსესხებელი, უზრუნველყოფის საგნის დასახელება, რეგისტარაციის ქვეყანა
B86: 00770 | C86: 3.1.11 | D86: მსესხებელი, უზრუნველყოფის საგნის დასახელება, რეგისტარაციის ქვეყანა
B87: 00780 | C87: 3.1.12 | D87: მსესხებელი, უზრუნველყოფის საგნის დასახელება, რეგისტარაციის ქვეყანა
... B95: 00860 | C95: 3.1.20 | D95: მსესხებელი, უზრუნველყოფის საგნის დასახელება, რეგისტარაციის ქვეყანა
B96: 00870 | C96: 3.2 | D96: უზრუნველყოფილი სესხების (გრძელვადიანი) მიმდინარე წილი | E96: =SUM(E97:E116) -> 0 | F96: =SUM(F97:F116) -> 0
B97: 00880 | C97: 3.2.1 | D97: მსესხებელი, უზრუნველყოფის საგნის დასახელება, რეგისტარაციის ქვეყანა
B98: 00890 | C98: 3.2.2 | D98: მსესხებელი, უზრუნველყოფის საგნის დასახელება, რეგისტარაციის ქვეყანა
B99: 00900 | C99: 3.2.3 | D99: მსესხებელი, უზრუნველყოფის საგნის დასახელება, რეგისტარაციის ქვეყანა
B100: 00910 | C100: 3.2.4 | D100: მსესხებელი, უზრუნველყოფის საგნის დასახელება, რეგისტარაციის ქვეყანა
B101: 00920 | C101: 3.2.5 | D101: მსესხებელი, უზრუნველყოფის საგნის დასახელება, რეგისტარაციის ქვეყანა
B102: 00930 | C102: 3.2.6 | D102: მსესხებელი, უზრუნველყოფის საგნის დასახელება, რეგისტარაციის ქვეყანა
B103: 00940 | C103: 3.2.7 | D103: მსესხებელი, უზრუნველყოფის საგნის დასახელება, რეგისტარაციის ქვეყანა
B104: 00950 | C104: 3.2.8 | D104: მსესხებელი, უზრუნველყოფის საგნის დასახელება, რეგისტარაციის ქვეყანა
B105: 00960 | C105: 3.2.9 | D105: მსესხებელი, უზრუნველყოფის საგნის დასახელება, რეგისტარაციის ქვეყანა
B106: 00970 | C106: 3.2.10 | D106: მსესხებელი, უზრუნველყოფის საგნის დასახელება, რეგისტარაციის ქვეყანა
B107: 00980 | C107: 3.2.11 | D107: მსესხებელი, უზრუნველყოფის საგნის დასახელება, რეგისტარაციის ქვეყანა
B108: 00990 | C108: 3.2.12 | D108: მსესხებელი, უზრუნველყოფის საგნის დასახელება, რეგისტარაციის ქვეყანა
... B116: 01070 | C116: 3.2.20 | D116: მსესხებელი, უზრუნველყოფის საგნის დასახელება, რეგისტარაციის ქვეყანა
B117: 01080 | C117: 4 | D117: სხვა სესხები | E117: =E118+E139 -> 0 | F117: =F118+F139 -> 0
B118: 01090 | C118: 4.1 | D118: სხვა სესხები (მოკლევადიანი) | E118: =SUM(E119:E138) -> 0 | F118: =SUM(F119:F138) -> 0
B119: 01100 | C119: 4.1.1 | D119: მსესხებელი
B120: 01110 | C120: 4.1.2 | D120: მსესხებელი
B121: 01120 | C121: 4.1.3 | D121: მსესხებელი
B122: 01130 | C122: 4.1.4 | D122: მსესხებელი
B123: 01140 | C123: 4.1.5 | D123: მსესხებელი
B124: 01150 | C124: 4.1.6 | D124: მსესხებელი
B125: 01160 | C125: 4.1.7 | D125: მსესხებელი
B126: 01170 | C126: 4.1.8 | D126: მსესხებელი
B127: 01180 | C127: 4.1.9 | D127: მსესხებელი
B128: 01190 | C128: 4.1.10 | D128: მსესხებელი
B129: 01200 | C129: 4.1.11 | D129: მსესხებელი
B130: 01210 | C130: 4.1.12 | D130: მსესხებელი
... B138: 01290 | C138: 4.1.20 | D138: მსესხებელი
B139: 01300 | C139: 4.2 | D139: სხვა სესხების (გრძელვადიანი) | E139: =SUM(E140:E159) -> 0 | F139: =SUM(F140:F159) -> 0
B140: 01310 | C140: 4.2.1 | D140: მსესხებელი
B141: 01320 | C141: 4.2.2 | D141: მსესხებელი
B142: 01330 | C142: 4.2.3 | D142: მსესხებელი
B143: 01340 | C143: 4.2.4 | D143: მსესხებელი
B144: 01350 | C144: 4.2.5 | D144: მსესხებელი
B145: 01360 | C145: 4.2.6 | D145: მსესხებელი
...

Sheet IS-IP & L
B1: მზღვეველი: | E1: ფორმა N2-5
B2: ანგარიშგების პერიოდი:
D4: შემოსავლები საინვესტიციო ქონებიდან და სესხებიდან
E5: ლარებში
B6: სტრიქონის კოდი | C6: N | E6: საანგარიშო პერიოდი | F6: გასული წლის შესაბამისი პერიოდი
C8: საინვესტიციო ქონება
B10: 00010 | C10: 1 | D10: მიწები | E10: =SUM(E11:E30) -> 0 | F10: =SUM(F11:F30) -> 0
B11: 00020 | C11: 1.1 | D11: ობიექტის დასახელება
B12: 00030 | C12: 1.2 | D12: ობიექტის დასახელება
B13: 00040 | C13: 1.3 | D13: ობიექტის დასახელება
B14: 00050 | C14: 1.4 | D14: ობიექტის დასახელება
B15: 00060 | C15: 1.5 | D15: ობიექტის დასახელება
B16: 00070 | C16: 1.6 | D16: ობიექტის დასახელება
B17: 00080 | C17: 1.7 | D17: ობიექტის დასახელება
B18: 00090 | C18: 1.8 | D18: ობიექტის დასახელება
B19: 00100 | C19: 1.9 | D19: ობიექტის დასახელება
B20: 00110 | C20: 1.1 | D20: ობიექტის დასახელება
B21: 00120 | C21: 1.11 | D21: ობიექტის დასახელება
B22: 00130 | C22: 1.12 | D22: ობიექტის დასახელება
... B30: 00210 | C30: 1.2 | D30: ობიექტის დასახელება
B31: 00220 | C31: 2 | D31: შენობა-ნაგებობები | E31: =SUM(E32:E51) -> 0 | F31: =SUM(F32:F51) -> 0
B32: 00230 | C32: 2.1 | D32: ობიექტის დასახელება
B33: 00240 | C33: 2.2 | D33: ობიექტის დასახელება
B34: 00250 | C34: 2.3 | D34: ობიექტის დასახელება
B35: 00260 | C35: 2.4 | D35: ობიექტის დასახელება
B36: 00270 | C36: 2.5 | D36: ობიექტის დასახელება
B37: 00280 | C37: 2.6 | D37: ობიექტის დასახელება
B38: 00290 | C38: 2.7 | D38: ობიექტის დასახელება
B39: 00300 | C39: 2.8 | D39: ობიექტის დასახელება
B40: 00310 | C40: 2.9 | D40: ობიექტის დასახელება
B41: 00320 | C41: 2.1 | D41: ობიექტის დასახელება
B42: 00330 | C42: 2.11 | D42: ობიექტის დასახელება
B43: 00340 | C43: 2.12 | D43: ობიექტის დასახელება
... B51: 00420 | C51: 2.2 | D51: ობიექტის დასახელება
B52: 00430 | C52: 3 | D52: სხვა | E52: =SUM(E53:E72) -> 0 | F52: =SUM(F53:F72) -> 0
B53: 00440 | C53: 3.1 | D53: ობიექტის დასახელება
B54: 00450 | C54: 3.2 | D54: ობიექტის დასახელება
B55: 00460 | C55: 3.3 | D55: ობიექტის დასახელება
B56: 00470 | C56: 3.4 | D56: ობიექტის დასახელება
B57: 00480 | C57: 3.5 | D57: ობიექტის დასახელება
B58: 00490 | C58: 3.6 | D58: ობიექტის დასახელება
B59: 00500 | C59: 3.7 | D59: ობიექტის დასახელება
B60: 00510 | C60: 3.8 | D60: ობიექტის დასახელება
B61: 00520 | C61: 3.9 | D61: ობიექტის დასახელება
B62: 00530 | C62: 3.1 | D62: ობიექტის დასახელება
B63: 00540 | C63: 3.11 | D63: ობიექტის დასახელება
B64: 00550 | C64: 3.12 | D64: ობიექტის დასახელება
... B72: 00630 | C72: 3.2 | D72: ობიექტის დასახელება
B73: 00640 | C73: სულ შემოსავლები საინვესტიციო ქონებიდან: (1+2+3) | E73: =E10+E31+E52 -> 0 | F73: =F10+F31+F52 -> 0
C75: შემოსავლები სესხებიდან
B77: 00650 | C77: 1 | D77: უზრუნველყოფილი სესხები (მოკლევადიანი) | E77: =E78+E99+E120 -> 0 | F77: =F78+F99+F120 -> 0
B78: 00660 | C78: 1.1 | D78: უძრავი ქონებით უზრუნველყოფილი | E78: =SUM(E79:E98) -> 0 | F78: =SUM(F79:F98) -> 0
B79: 00670 | C79: 1.1.1 | D79: მსესხებელი, უძრავი ქონების დასახელება და ადგილმდებარეობა
B80: 00680 | C80: 1.1.2 | D80: მსესხებელი, უძრავი ქონების დასახელება და ადგილმდებარეობა
B81: 00690 | C81: 1.1.3 | D81: მსესხებელი, უძრავი ქონების დასახელება და ადგილმდებარეობა
B82: 00700 | C82: 1.1.4 | D82: მსესხებელი, უძრავი ქონების დასახელება და ადგილმდებარეობა
B83: 00710 | C83: 1.1.5 | D83: მსესხებელი, უძრავი ქონების დასახელება და ადგილმდებარეობა
B84: 00720 | C84: 1.1.6 | D84: მსესხებელი, უძრავი ქონების დასახელება და ადგილმდებარეობა
B85: 00730 | C85: 1.1.7 | D85: მსესხებელი, უძრავი ქონების დასახელება და ადგილმდებარეობა
B86: 00740 | C86: 1.1.8 | D86: მსესხებელი, უძრავი ქონების დასახელება და ადგილმდებარეობა
B87: 00750 | C87: 1.1.9 | D87: მსესხებელი, უძრავი ქონების დასახელება და ადგილმდებარეობა
B88: 00760 | C88: 1.1.10 | D88: მსესხებელი, უძრავი ქონების დასახელება და ადგილმდებარეობა
B89: 00770 | C89: 1.1.11 | D89: მსესხებელი, უძრავი ქონების დასახელება და ადგილმდებარეობა
B90: 00780 | C90: 1.1.12 | D90: მსესხებელი, უძრავი ქონების დასახელება და ადგილმდებარეობა
... B98: 00860 | C98: 1.1.20 | D98: მსესხებელი, უძრავი ქონების დასახელება და ადგილმდებარეობა
B99: 00870 | C99: 1.2 | D99: სახელმწიფო ფასიანი ქაღალდებით უზრუნველყოფილი | E99: =SUM(E100:E119) -> 0 | F99: =SUM(F100:F119) -> 0
B100: 00880 | C100: 1.2.1 | D100: მსესხებელი, ფასიანი ქაღალდის ტიპი, ემიტენტი
B101: 00890 | C101: 1.2.2 | D101: მსესხებელი, ფასიანი ქაღალდის ტიპი, ემიტენტი
B102: 00900 | C102: 1.2.3 | D102: მსესხებელი, ფასიანი ქაღალდის ტიპი, ემიტენტი
B103: 00910 | C103: 1.2.4 | D103: მსესხებელი, ფასიანი ქაღალდის ტიპი, ემიტენტი
B104: 00920 | C104: 1.2.5 | D104: მსესხებელი, ფასიანი ქაღალდის ტიპი, ემიტენტი
B105: 00930 | C105: 1.2.6 | D105: მსესხებელი, ფასიანი ქაღალდის ტიპი, ემიტენტი
B106: 00940 | C106: 1.2.7 | D106: მსესხებელი, ფასიანი ქაღალდის ტიპი, ემიტენტი
B107: 00950 | C107: 1.2.8 | D107: მსესხებელი, ფასიანი ქაღალდის ტიპი, ემიტენტი
B108: 00960 | C108: 1.2.9 | D108: მსესხებელი, ფასიანი ქაღალდის ტიპი, ემიტენტი
B109: 00970 | C109: 1.2.10 | D109: მსესხებელი, ფასიანი ქაღალდის ტიპი, ემიტენტი
B110: 00980 | C110: 1.2.11 | D110: მსესხებელი, ფასიანი ქაღალდის ტიპი, ემიტენტი
B111: 00990 | C111: 1.2.12 | D111: მსესხებელი, ფასიანი ქაღალდის ტიპი, ემიტენტი
... B119: 01070 | C119: 1.2.20 | D119: მსესხებელი, ფასიანი ქაღალდის ტიპი, ემიტენტი
B120: 01080 | C120: 1.3 | D120: სხვა | E120: =SUM(E121:E140) -> 0 | F120: =SUM(F121:F140) -> 0
B121: 01090 | C121: 1.3.1 | D121: მსესხებელი, უზრუნველყოფის საგნის დასახელება
B122: 01100 | C122: 1.3.2 | D122: მსესხებელი, უზრუნველყოფის საგნის დასახელება
B123: 01110 | C123: 1.3.3 | D123: მსესხებელი, უზრუნველყოფის საგნის დასახელება
B124: 01120 | C124: 1.3.4 | D124: მსესხებელი, უზრუნველყოფის საგნის დასახელება
B125: 01130 | C125: 1.3.5 | D125: მსესხებელი, უზრუნველყოფის საგნის დასახელება
B126: 01140 | C126: 1.3.6 | D126: მსესხებელი, უზრუნველყოფის საგნის დასახელება
B127: 01150 | C127: 1.3.7 | D127: მსესხებელი, უზრუნველყოფის საგნის დასახელება
B128: 01160 | C128: 1.3.8 | D128: მსესხებელი, უზრუნველყოფის საგნის დასახელება
B129: 01170 | C129: 1.3.9 | D129: მსესხებელი, უზრუნველყოფის საგნის დასახელება
B130: 01180 | C130: 1.3.10 | D130: მსესხებელი, უზრუნველყოფის საგნის დასახელება
B131: 01190 | C131: 1.3.11 | D131: მსესხებელი, უზრუნველყოფის საგნის დასახელება
B132: 01200 | C132: 1.3.12 | D132: მსესხებელი, უზრუნველყოფის საგნის დასახელება
... B140: 01280 | C140: 1.3.20 | D140: მსესხებელი, უზრუნველყოფის საგნის დასახელება
B141: 01290 | C141: 2 | D141: უზრუნველყოფილი სესხები (გრძელვადიანი) | E141: =E142+E163+E184 -> 0 | F141: =F142+F163+F184 -> 0
B142: 01300 | C142: 2.1 | D142: უძრავი ქონებით უზრუნველყოფილი | E142: =SUM(E143:E162) -> 0 | F142: =SUM(F143:F162) -> 0
B143: 01310 | C143: 2.1.1 | D143: მსესხებელი, უძრავი ქონების დასახელება და ადგილმდებარეობა
B144: 01320 | C144: 2.1.2 | D144: მსესხებელი, უძრავი ქონების დასახელება და ადგილმდებარეობა
B145: 01330 | C145: 2.1.3 | D145: მსესხებელი, უძრავი ქონების დასახელება და ადგილმდებარეობა
B146: 01340 | C146: 2.1.4 | D146: მსესხებელი, უძრავი ქონების დასახელება და ადგილმდებარეობა
B147: 01350 | C147: 2.1.5 | D147: მსესხებელი, უძრავი ქონების დასახელება და ადგილმდებარეობა
...

Sheet IS-Ex.S & Ex.Ad
B1: მზღვეველი: | E1: ფორმა N2-6
B2: ანგარიშგების პერიოდი:
C4: სხვა ხარჯები
E5: ლარებში
B6: სტრიქონის კოდი | C6: N | E6: საანგარიშო პერიოდი | F6: გასული წლის შესაბამისი პერიოდი
C8: ხელფასის ხარჯი და სხვა გაცემები
C10: უმაღლესი მენეჯმენტი
B11: 00010 | C11: 1 | D11: რაოდენობა
B12: 00020 | D12: ხელფასის ხარჯი და სხვა გაცემები
B13: 00030 | D13: საშუალო ხელფასი
C14: საშუალო დონის მენეჯმენტი
B15: 00040 | C15: 2 | D15: რაოდენობა
B16: 00050 | D16: ხელფასის ხარჯი და სხვა გაცემები
B17: 00060 | D17: საშუალო ხელფასი
C18: სხვა დასაქმებულები
B19: 00070 | C19: 3 | D19: რაოდენობა
B20: 00080 | D20: ხელფასის ხარჯი და სხვა გაცემები
B21: 00090 | D21: საშუალო ხელფასი
B22: 00100 | C22: სულ ხელფასის ხარჯი და სხვა გაცემები: (1+2+3) | E22: =E12+E16+E20 -> 0 | F22: =F12+F16+F20 -> 0
C24: ადმინისტრაციული ხარჯები
B26: 00110 | C26: 1 | D26: იჯარა
B27: 00120 | C27: 2 | D27: მარკეტინგი
B28: 00130 | C28: 3 | D28: ქონებისა და მოწყობილობების შეკეთება და მიმდინარე რემონტი
B29: 00140 | C29: 4 | D29: მივლინება
B30: 00150 | C30: 5 | D30: აუდიტი და სხვა საკონსულტაციო ხარჯები
B31: 00160 | C31: 6 | D31: ბანკის მომსახურების საკომისიოები
B32: 00170 | C32: 7 | D32: დაზღვევა
B33: 00180 | C33: 8 | D33: დაცვა
B34: 00190 | C34: 9 | D34: საკომუნიკაციო და კომუნალური
B35: 00200 | C35: 10 | D35: პერსონალის ტრეინინგი
B36: 00210 | C36: 11 | D36: ბეჭდვა
B37: 00220 | C37: 12 | D37: წარმომადგენლობითი
... B40: 00250 | C40: 15 | D40: სხვადასხვა
B41: 00260 | C41: სულ ადმინისტრაციული ხარჯები: (1+2+3+4+5+6+7+8+9+10+11+12+13+14+15) | E41: =SUM(E26:E40) -> 0 | F41: =SUM(F26:F40) -> 0

Sheet IS-Ex.T & Ex.F & O
B1: მზღვეველი: | E1: ფორმა N2-7
B2: ანგარიშგების პერიოდი:
C4: გადასახადები, ფინანსური ხარჯი და სხვა საოპერაციო შემოსავალი (ხარჯი)
E5: ლარებში
B6: სტრიქონის კოდი | C6: N | E6: საანგარიშო პერიოდი | F6: გასული წლის შესაბამისი პერიოდი
C8: გადასახადები
B10: 00010 | C10: 1 | D10: ქონების გადასახადი
B11: 00020 | C11: 2 | D11: სხვა
B12: 00030 | C12: სულ გადასახადები: (1+2) | E12: =SUM(E10:E11) -> 0 | F12: =SUM(F10:F11) -> 0
C14: ფინანსური ხარჯი
B16: 00040 | C16: 1 | D16: ბანკის სესხებზე (მოკლევადიანი) | E16: =SUM(E17:E36) -> 0 | F16: =SUM(F17:F36) -> 0
B17: 00050 | C17: 1.1 | D17: ბანკის დასახელება
B18: 00060 | C18: 1.2 | D18: ბანკის დასახელება
B19: 00070 | C19: 1.3 | D19: ბანკის დასახელება
B20: 00080 | C20: 1.4 | D20: ბანკის დასახელება
B21: 00090 | C21: 1.5 | D21: ბანკის დასახელება
B22: 00100 | C22: 1.6 | D22: ბანკის დასახელება
B23: 00110 | C23: 1.7 | D23: ბანკის დასახელება
B24: 00120 | C24: 1.8 | D24: ბანკის დასახელება
B25: 00130 | C25: 1.9 | D25: ბანკის დასახელება
B26: 00140 | C26: 1.1 | D26: ბანკის დასახელება
B27: 00150 | C27: 1.11 | D27: ბანკის დასახელება
B28: 00160 | C28: 1.12 | D28: ბანკის დასახელება
... B36: 00240 | C36: 1.2 | D36: ბანკის დასახელება
B37: 00250 | C37: 2 | D37: ბანკის სესხებზე (გრძელვადიანი) | E37: =SUM(E38:E57) -> 0 | F37: =SUM(F38:F57) -> 0
B38: 00260 | C38: 2.1 | D38: ბანკის დასახელება
B39: 00270 | C39: 2.2 | D39: ბანკის დასახელება
B40: 00280 | C40: 2.3 | D40: ბანკის დასახელება
B41: 00290 | C41: 2.4 | D41: ბანკის დასახელება
B42: 00300 | C42: 2.5 | D42: ბანკის დასახელება
B43: 00310 | C43: 2.6 | D43: ბანკის დასახელება
B44: 00320 | C44: 2.7 | D44: ბანკის დასახელება
B45: 00330 | C45: 2.8 | D45: ბანკის დასახელება
B46: 00340 | C46: 2.9 | D46: ბანკის დასახელება
B47: 00350 | C47: 2.1 | D47: ბანკის დასახელება
B48: 00360 | C48: 2.11 | D48: ბანკის დასახელება
B49: 00370 | C49: 2.12 | D49: ბანკის დასახელება
... B57: 00450 | C57: 2.2 | D57: ბანკის დასახელება
B58: 00460 | C58: 3 | D58: სხვა ფინანსურ ვალდებულებებზე (მოკლევადიანი) | E58: =SUM(E59:E78) -> 0 | F58: =SUM(F59:F78) -> 0
B59: 00470 | C59: 3.1 | D59: ვალდებულების ობიექტის დასახელება, ვალდებულების სახეობა
B60: 00480 | C60: 3.2 | D60: ვალდებულების ობიექტის დასახელება, ვალდებულების სახეობა
B61: 00490 | C61: 3.3 | D61: ვალდებულების ობიექტის დასახელება, ვალდებულების სახეობა
B62: 00500 | C62: 3.4 | D62: ვალდებულების ობიექტის დასახელება, ვალდებულების სახეობა
B63: 00510 | C63: 3.5 | D63: ვალდებულების ობიექტის დასახელება, ვალდებულების სახეობა
B64: 00520 | C64: 3.6 | D64: ვალდებულების ობიექტის დასახელება, ვალდებულების სახეობა
B65: 00530 | C65: 3.7 | D65: ვალდებულების ობიექტის დასახელება, ვალდებულების სახეობა
B66: 00540 | C66: 3.8 | D66: ვალდებულების ობიექტის დასახელება, ვალდებულების სახეობა
B67: 00550 | C67: 3.9 | D67: ვალდებულების ობიექტის დასახელება, ვალდებულების სახეობა
B68: 00560 | C68: 3.1 | D68: ვალდებულების ობიექტის დასახელება, ვალდებულების სახეობა
B69: 00570 | C69: 3.11 | D69: ვალდებულების ობიექტის დასახელება, ვალდებულების სახეობა
B70: 00580 | C70: 3.12 | D70: ვალდებულების ობიექტის დასახელება, ვალდებულების სახეობა
... B78: 00660 | C78: 3.2 | D78: ვალდებულების ობიექტის დასახელება, ვალდებულების სახეობა
B79: 00670 | C79: 4 | D79: სხვა ფინანსურ ვალდებულებებზე (გრძელვადიანი) | E79: =SUM(E80:E99) -> 0 | F79: =SUM(F80:F99) -> 0
B80: 00680 | C80: 4.1 | D80: ვალდებულების ობიექტის დასახელება, ვალდებულების სახეობა
B81: 00690 | C81: 4.2 | D81: ვალდებულების ობიექტის დასახელება, ვალდებულების სახეობა
B82: 00700 | C82: 4.3 | D82: ვალდებულების ობიექტის დასახელება, ვალდებულების სახეობა
B83: 00710 | C83: 4.4 | D83: ვალდებულების ობიექტის დასახელება, ვალდებულების სახეობა
B84: 00720 | C84: 4.5 | D84: ვალდებულების ობიექტის დასახელება, ვალდებულების სახეობა
B85: 00730 | C85: 4.6 | D85: ვალდებულების ობიექტის დასახელება, ვალდებულების სახეობა
B86: 00740 | C86: 4.7 | D86: ვალდებულების ობიექტის დასახელება, ვალდებულების სახეობა
B87: 00750 | C87: 4.8 | D87: ვალდებულების ობიექტის დასახელება, ვალდებულების სახეობა
B88: 00760 | C88: 4.9 | D88: ვალდებულების ობიექტის დასახელება, ვალდებულების სახეობა
B89: 00770 | C89: 4.1 | D89: ვალდებულების ობიექტის დასახელება, ვალდებულების სახეობა
B90: 00780 | C90: 4.11 | D90: ვალდებულების ობიექტის დასახელება, ვალდებულების სახეობა
B91: 00790 | C91: 4.12 | D91: ვალდებულების ობიექტის დასახელება, ვალდებულების სახეობა
... B99: 00870 | C99: 4.2 | D99: ვალდებულების ობიექტის დასახელება, ვალდებულების სახეობა
B100: 00880 | C100: 5 | D100: სუბორდინირებულ სესხებზე | E100: =SUM(E101:E110) -> 0 | F100: =SUM(F101:F110) -> 0
B101: 00890 | C101: 5.1 | D101: სესხის გამცემის დასახელება, რეგისტრაციის ქვეყანა
B102: 00900 | C102: 5.2 | D102: სესხის გამცემის დასახელება, რეგისტრაციის ქვეყანა
B103: 00910 | C103: 5.3 | D103: სესხის გამცემის დასახელება, რეგისტრაციის ქვეყანა
B104: 00920 | C104: 5.4 | D104: სესხის გამცემის დასახელება, რეგისტრაციის ქვეყანა
B105: 00930 | C105: 5.5 | D105: სესხის გამცემის დასახელება, რეგისტრაციის ქვეყანა
B106: 00940 | C106: 5.6 | D106: სესხის გამცემის დასახელება, რეგისტრაციის ქვეყანა
B107: 00950 | C107: 5.7 | D107: სესხის გამცემის დასახელება, რეგისტრაციის ქვეყანა
B108: 00960 | C108: 5.8 | D108: სესხის გამცემის დასახელება, რეგისტრაციის ქვეყანა
B109: 00970 | C109: 5.9 | D109: სესხის გამცემის დასახელება, რეგისტრაციის ქვეყანა
B110: 00980 | C110: 5.1 | D110: სესხის გამცემის დასახელება, რეგისტრაციის ქვეყანა
B111: 00990 | C111: სულ ფინანსური ხარჯი: (1+2+3+4+5) | E111: =E16+E37+E58+E79+E100 -> 0 | F111: =F16+F37+F58+F79+F100 -> 0
C113: სხვა საოპერაციო შემოსავალი (ხარჯი)
B115: 01000 | C115: 1 | D115: კურსთაშორის სხვაობიდან მოგება (ზარალი), წმინდა
B116: 01010 | C116: 2 | D116: ინვესტიციების ჩამოწერიდან/რეალიზაციიდან მიღებული მოგება (ზარალი), წმინდა
B117: 01020 | C117: 3 | D117: ძირითადი საშუალებების ჩამოწერიდან/რეალიზაციიდან მიღებული მოგება (ზარალი), წმინდა
B118: 01030 | C118: 4 | D118: რეზერვების შექმნით მიღებული შემოსავალი/ხარჯი | E118: =E119+E120+E121 -> 0 | F118: =F119+F120+F121 -> 0
B119: 01040 | C119: 4.1 | D119: ფორმა N1-4 ის მიხედვით შექმნილი რეზერვი
B120: 01050 | C120: 4.2 | D120: ფორმა N1-5 ის მიხედვით შექმნილი რეზერვი
B121: 01060 | C121: 4.3 | D121: სხვა რეზერვი
B122: 01070 | C122: 5 | D122: სხვა შემოსავალი
B123: 01080 | C123: 6 | D123: სხვა ხარჯი
B124: 01090 | C124: სულ სხვა შემოსავალი (ხარჯი), წმინდა: (1+2+3+4+5-6) | E124: =E115+E116+E117+E118+E122-E123 -> 0 | F124: =F115+F116+F117+F118+F122-F123 -> 0

Sheet C
B1: მზღვეველი: | I1: ფორმა N3
B2: ანგარიშგების თარიღი:
D4: საკუთარ კაპიტალში ცვლილებების ანგარიშგება
I5: ლარებში
B6: სტრიქონის კოდი | C6: N | E6: კაპიტალი | F6: ინვესტიციების გადაფასების რეზერვი | G6: ძირითადი საშუალებების გადაფასების რეზერვი | H6: სხვა რეზერვები | I6: გაუნაწილებელი მოგება | J6: სულ:
B8: 00010 | C8: 1 | D8: ნაშთი საანგარიშოს წინა პერიოდის დასაწყისში | J8: =SUM(E8:I8) -> 0
B9: 00020 | C9: 2 | D9: - კაპიტალის ემისია | J9: =SUM(E9:I9) -> 0
B10: 00030 | C10: 3 | D10: - გამოსყიდული აქციები | J10: =SUM(E10:I10) -> 0
B11: 00040 | C11: 4 | D11: - ინვესტიციების გადაფასების რეზერვი | J11: =SUM(E11:I11) -> 0
B12: 00050 | C12: 5 | D12: - ძირითადი საშუალებების გადაფასების რეზერვი | J12: =SUM(E12:I12) -> 0
B13: 00060 | C13: 6 | D13: - სხვა რეზერვები | J13: =SUM(E13:I13) -> 0
B14: 00070 | C14: 7 | D14: - პერიოდის წმინდა მოგება (ზარალი) | J14: =SUM(E14:I14) -> 0
B15: 00080 | C15: 8 | D15: - გაცხადებული დივიდენდები | J15: =SUM(E15:I15) -> 0
B16: 00090 | C16: 9 | D16: ნაშთი საანგარიშოს წინა პერიოდის ბოლოს (1+2-3+4+5+6+7-8) | E16: =E8+E9-E10+E11+E12+E13+E14-E15 -> 0 | F16: =F8+F9-F10+F11+F12+F13+F14-F15 -> 0 | G16: =G8+G9-G10+G11+G12+G13+G14-G15 -> 0 | H16: =H8+H9-H10+H11+H12+H13+H14-H15 -> 0 | I16: =I8+I9-I10+I11+I12+I13+I14-I15 -> 0 | J16: =SUM(E16:I16) -> 0
B17: 00100 | C17: 10 | D17: - კაპიტალის ემისია | J17: =SUM(E17:I17) -> 0
B18: 00110 | C18: 11 | D18: - გამოსყიდული აქციები | J18: =SUM(E18:I18) -> 0
B19: 00120 | C19: 12 | D19: - ინვესტიციების გადაფასების რეზერვი | J19: =SUM(E19:I19) -> 0
B20: 00130 | C20: 13 | D20: - ძირითადი საშუალებების გადაფასების რეზერვი | J20: =SUM(E20:I20) -> 0
B21: 00140 | C21: 14 | D21: - სხვა რეზერვები | J21: =SUM(E21:I21) -> 0
B22: 00150 | C22: 15 | D22: - გაცხადებული დივიდენდები | J22: =SUM(E22:I22) -> 0
B23: 00160 | C23: 16 | D23: - პერიოდის წმინდა მოგება (ზარალი) | J23: =SUM(E23:I23) -> 0
B24: 00170 | C24: 17 | D24: ნაშთი საანგარიშო პერიოდის ბოლოს (9+10-11+12+13+14-15+16) | E24: =E16+E17-E18+E19+E20+E21-E22+E23 -> 0 | F24: =F16+F17-F18+F19+F20+F21-F22+F23 -> 0 | G24: =G16+G17-G18+G19+G20+G21-G22+G23 -> 0 | H24: =H16+H17-H18+H19+H20+H21-H22+H23 -> 0 | I24: =I16+I17-I18+I19+I20+I21-I22+I23 -> 0 | J24: =SUM(E24:I24) -> 0

Sheet P&C(NL)
B1: მზღვეველი: | S1: ფორმა N4
B2: ანგარიშგების პერიოდი:
C4: სადაზღვევო პრემიებისა და ზარალების ანალიზი (არასიცოცხლის დაზღვევა)
C6: წლის დასაწყისიდან საანგარიშო პერიოდის ბოლომდე გაფორმებული სადაზღვევო პოლისების რაოდენობა და მოზიდული პრემიის ოდენობა (სადაზღვევო საქმიანობა) | S6: ფორმა N4 (ნაწილი I)
B7: სტრიქონის კოდი | C7: N | D7: დაზღვევის სახეობა | E7: არასიცოცხლე - საანგარიშო პერიოდი | M7: არასიცოცხლე - გასული წლის შესაბამისი პერიოდი
E8: კორპორატიული | G8: საცალო | I8: სახელმწიფო | K8: სულ | M8: კორპორატიული | O8: საცალო | Q8: სახელმწიფო | S8: სულ
E9: რაოდენობა | F9: ოდენობა | G9: რაოდენობა | H9: ოდენობა | I9: რაოდენობა | J9: ოდენობა | K9: რაოდენობა (I+III+V) | L9: ოდენობა (II+IV+VI) | M9: რაოდენობა | N9: ოდენობა | O9: რაოდენობა | P9: ოდენობა | Q9: რაოდენობა | R9: ოდენობა | S9: რაოდენობა (IX+XI+XIII) | T9: ოდენობა (X+XII+XIV)
E10: I | F10: II | G10: III | H10: IV | I10: V | J10: VI | K10: VII | L10: VIII | M10: IX | N10: X | O10: XI | P10: XII | Q10: XIII | R10: XIV | S10: XV | T10: XVI
B11: 00010 | C11: 1 | D11: სამოგზაურო დაზღვევა | K11: =E11+G11+I11 -> 0 | L11: =F11+H11+J11 -> 0 | S11: =M11+O11+Q11 -> 0 | T11: =N11+P11+R11 -> 0
B12: 00020 | C12: 2 | D12: დაზღვევა უბედური შემთხვევებისაგან: | E12: =SUM(E13:E14) -> 0 | F12: =SUM(F13:F14) -> 0 | G12: =SUM(G13:G14) -> 0 | H12: =SUM(H13:H14) -> 0 | I12: =SUM(I13:I14) -> 0 | J12: =SUM(J13:J14) -> 0 | K12: =E12+G12+I12 -> 0 | L12: =F12+H12+J12 -> 0 | M12: =SUM(M13:M14) -> 0 | N12: =SUM(N13:N14) -> 0 | O12: =SUM(O13:O14) -> 0 | P12: =SUM(P13:P14) -> 0 | Q12: =SUM(Q13:Q14) -> 0 | R12: =SUM(R13:R14) -> 0 | S12: =M12+O12+Q12 -> 0 | T12: =N12+P12+R12 -> 0
B13: 00030 | C13: 3 | D13: დაზღვევა უბედური შემთხვევებისაგან | K13: =E13+G13+I13 -> 0 | L13: =F13+H13+J13 -> 0 | S13: =M13+O13+Q13 -> 0 | T13: =N13+P13+R13 -> 0
B14: 00040 | C14: 4 | D14: მგზავრების, მძღოლის ან ეკიპაჟის დაზღვევა უბედური შემთხვევებისაგან | K14: =E14+G14+I14 -> 0 | L14: =F14+H14+J14 -> 0 | S14: =M14+O14+Q14 -> 0 | T14: =N14+P14+R14 -> 0
B15: 00050 | C15: 5 | D15: სამედიცინო (ჯანმრთელობის) დაზღვევა | K15: =E15+G15+I15 -> 0 | L15: =F15+H15+J15 -> 0 | S15: =M15+O15+Q15 -> 0 | T15: =N15+P15+R15 -> 0
B16: 00060 | C16: 6 | D16: სახმელეთო სატრანსპორტო საშუალებათა დაზღვევა (გარდა სარკინიგზო ტრანსპორტისა): | E16: =SUM(E17:E18) -> 0 | F16: =SUM(F17:F18) -> 0 | G16: =SUM(G17:G18) -> 0 | H16: =SUM(H17:H18) -> 0 | I16: =SUM(I17:I18) -> 0 | J16: =SUM(J17:J18) -> 0 | K16: =E16+G16+I16 -> 0 | L16: =F16+H16+J16 -> 0 | M16: =SUM(M17:M18) -> 0 | N16: =SUM(N17:N18) -> 0 | O16: =SUM(O17:O18) -> 0 | P16: =SUM(P17:P18) -> 0 | Q16: =SUM(Q17:Q18) -> 0 | R16: =SUM(R17:R18) -> 0 | S16: =M16+O16+Q16 -> 0 | T16: =N16+P16+R16 -> 0
B17: 00070 | C17: 7 | D17: სახმელეთო ავტოსატრანსპორტო საშუალებათა დაზღვევა (ავტოკასკო) | K17: =E17+G17+I17 -> 0 | L17: =F17+H17+J17 -> 0 | S17: =M17+O17+Q17 -> 0 | T17: =N17+P17+R17 -> 0
B18: 00080 | C18: 8 | D18: სხვა სახმელეთო სატრანსპორტო საშუალებათა დაზღვევა | K18: =E18+G18+I18 -> 0 | L18: =F18+H18+J18 -> 0 | S18: =M18+O18+Q18 -> 0 | T18: =N18+P18+R18 -> 0
B19: 00090 | C19: 9 | D19: სახმელეთო ტრანსპორტის გამოყენებასთან დაკავშირებული სამოქალაქო პასუხისმგებლობის დაზღვევა: | E19: =SUM(E20:E22) -> 0 | F19: =SUM(F20:F22) -> 0 | G19: =SUM(G20:G22) -> 0 | H19: =SUM(H20:H22) -> 0 | I19: =SUM(I20:I22) -> 0 | J19: =SUM(J20:J22) -> 0 | K19: =E19+G19+I19 -> 0 | L19: =F19+H19+J19 -> 0 | M19: =SUM(M20:M22) -> 0 | N19: =SUM(N20:N22) -> 0 | O19: =SUM(O20:O22) -> 0 | P19: =SUM(P20:P22) -> 0 | Q19: =SUM(Q20:Q22) -> 0 | R19: =SUM(R20:R22) -> 0 | S19: =M19+O19+Q19 -> 0 | T19: =N19+P19+R19 -> 0
B20: 00100 | C20: 10 | D20: ავტომოტოტრანსპორტის მფლობელთა სამოქალაქო პასუხისმგებლობის სავალდებულო დაზღვევა | K20: =E20+G20+I20 -> 0 | L20: =F20+H20+J20 -> 0 | S20: =M20+O20+Q20 -> 0 | T20: =N20+P20+R20 -> 0
B21: 00110 | C21: 11 | D21: სახმელეთო ტრანსპორტის გამოყენებასთან დაკავშირებული სამოქალაქო პასუხისმგებლობის დაზღვევა | K21: =E21+G21+I21 -> 0 | L21: =F21+H21+J21 -> 0 | S21: =M21+O21+Q21 -> 0 | T21: =N21+P21+R21 -> 0
B22: 00120 | C22: 12 | D22: სახმელეთო გადამზიდველის სამოქალაქო პასუხისმგებლობის დაზღვევა | K22: =E22+G22+I22 -> 0 | L22: =F22+H22+J22 -> 0 | S22: =M22+O22+Q22 -> 0 | T22: =N22+P22+R22 -> 0
B23: 00130 | C23: 13 | D23: სარკინიგზო სატრანსპორტო საშუალებათა დაზღვევა | K23: =E23+G23+I23 -> 0 | L23: =F23+H23+J23 -> 0 | S23: =M23+O23+Q23 -> 0 | T23: =N23+P23+R23 -> 0
B24: 00140 | C24: 14 | D24: საჰაერო სატრანსპორტო საშუალებათა დაზღვევა (კორპუსის დაზღვევა) | K24: =E24+G24+I24 -> 0 | L24: =F24+H24+J24 -> 0 | S24: =M24+O24+Q24 -> 0 | T24: =N24+P24+R24 -> 0
B25: 00150 | C25: 15 | D25: საჰაერო სატრანსპორტო საშუალებათა გამოყენებასთან დაკავშირებული პასუხისმგებლობის დაზღვევა: | E25: =SUM(E26:E27) -> 0 | F25: =SUM(F26:F27) -> 0 | G25: =SUM(G26:G27) -> 0 | H25: =SUM(H26:H27) -> 0 | I25: =SUM(I26:I27) -> 0 | J25: =SUM(J26:J27) -> 0 | K25: =E25+G25+I25 -> 0 | L25: =F25+H25+J25 -> 0 | M25: =SUM(M26:M27) -> 0 | N25: =SUM(N26:N27) -> 0 | O25: =SUM(O26:O27) -> 0 | P25: =SUM(P26:P27) -> 0 | Q25: =SUM(Q26:Q27) -> 0 | R25: =SUM(R26:R27) -> 0 | S25: =M25+O25+Q25 -> 0 | T25: =N25+P25+R25 -> 0
B26: 00160 | C26: 16 | D26: საჰაერო გადამზიდველის პასუხისმგებლობის დაზღვევა | K26: =E26+G26+I26 -> 0 | L26: =F26+H26+J26 -> 0 | S26: =M26+O26+Q26 -> 0 | T26: =N26+P26+R26 -> 0
B27: 00170 | C27: 17 | D27: სხვა პასუხისმგებლობის დაზღვევა, რომელიც დაკავშირებულია საჰაერო ტრანსპორტის გამოყენებასთან | K27: =E27+G27+I27 -> 0 | L27: =F27+H27+J27 -> 0 | S27: =M27+O27+Q27 -> 0 | T27: =N27+P27+R27 -> 0
B28: 00180 | C28: 18 | D28: მცურავი სატრანსპორტო საშუალებების დაზღვევა (კორპუსის დაზღვევა) | K28: =E28+G28+I28 -> 0 | L28: =F28+H28+J28 -> 0 | S28: =M28+O28+Q28 -> 0 | T28: =N28+P28+R28 -> 0
B29: 00190 | C29: 19 | D29: მცურავ სატრანსპორტო საშუალებათა გამოყენებასთან დაკავშირებული პასუხისმგებლობის დაზღვევა: | E29: =SUM(E30:E31) -> 0 | F29: =SUM(F30:F31) -> 0 | G29: =SUM(G30:G31) -> 0 | H29: =SUM(H30:H31) -> 0 | I29: =SUM(I30:I31) -> 0 | J29: =SUM(J30:J31) -> 0 | K29: =E29+G29+I29 -> 0 | L29: =F29+H29+J29 -> 0 | M29: =SUM(M30:M31) -> 0 | N29: =SUM(N30:N31) -> 0 | O29: =SUM(O30:O31) -> 0 | P29: =SUM(P30:P31) -> 0 | Q29: =SUM(Q30:Q31) -> 0 | R29: =SUM(R30:R31) -> 0 | S29: =M29+O29+Q29 -> 0 | T29: =N29+P29+R29 -> 0
B30: 00200 | C30: 20 | D30: საზღვაო გადამზიდველის პასუხისმგებლობის დაზღვევა | K30: =E30+G30+I30 -> 0 | L30: =F30+H30+J30 -> 0 | S30: =M30+O30+Q30 -> 0 | T30: =N30+P30+R30 -> 0
B31: 00210 | C31: 21 | D31: სხვა პასუხისმგებლობის დაზღვევა, რომელიც დაკავშირებულია მცურავი ტრანსპორტის გამოყენებასთან | K31: =E31+G31+I31 -> 0 | L31: =F31+H31+J31 -> 0 | S31: =M31+O31+Q31 -> 0 | T31: =N31+P31+R31 -> 0
B32: 00220 | C32: 22 | D32: ტვირთების დაზღვევა | K32: =E32+G32+I32 -> 0 | L32: =F32+H32+J32 -> 0 | S32: =M32+O32+Q32 -> 0 | T32: =N32+P32+R32 -> 0
B33: 00230 | C33: 23 | D33: ქონების დაზღვევა (გარდა (00060), (00130), (00140), (00180), (00220) სტრიქონებში მითითებული ქონებისა) | K33: =E33+G33+I33 -> 0 | L33: =F33+H33+J33 -> 0 | S33: =M33+O33+Q33 -> 0 | T33: =N33+P33+R33 -> 0
B34: 00240 | C34: 24 | D34: დაზღვევა საფინანსო დანაკარგებისაგან | K34: =E34+G34+I34 -> 0 | L34: =F34+H34+J34 -> 0 | S34: =M34+O34+Q34 -> 0 | T34: =N34+P34+R34 -> 0
B35: 00250 | C35: 25 | D35: ვალდებულებათა შესრულების დაზღვევა | E35: =SUM(E36:E38) -> 0 | F35: =SUM(F36:F38) -> 0 | G35: =SUM(G36:G38) -> 0 | H35: =SUM(H36:H38) -> 0 | I35: =SUM(I36:I38) -> 0 | J35: =SUM(J36:J38) -> 0 | K35: =E35+G35+I35 -> 0 | L35: =F35+H35+J35 -> 0 | M35: =SUM(M36:M38) -> 0 | N35: =SUM(N36:N38) -> 0 | O35: =SUM(O36:O38) -> 0 | P35: =SUM(P36:P38) -> 0 | Q35: =SUM(Q36:Q38) -> 0 | R35: =SUM(R36:R38) -> 0 | S35: =M35+O35+Q35 -> 0 | T35: =N35+P35+R35 -> 0
B36: 00260 | C36: 26 | D36: საბაჟო ვალდებულებების შესრულების გარანტიები/ფინანსური რისკის დაზღვევის პოლისები | K36: =E36+G36+I36 -> 0 | L36: =F36+H36+J36 -> 0 | S36: =M36+O36+Q36 -> 0 | T36: =N36+P36+R36 -> 0
B37: 00270 | C37: 27 | D37: სახელმწიფო შესყიდვებთან დაკავშირებული გარანტიები | K37: =E37+G37+I37 -> 0 | L37: =F37+H37+J37 -> 0 | S37: =M37+O37+Q37 -> 0 | T37: =N37+P37+R37 -> 0
B38: 00280 | C38: 28 | D38: სხვა სახის გარანტიები | K38: =E38+G38+I38 -> 0 | L38: =F38+H38+J38 -> 0 | S38: =M38+O38+Q38 -> 0 | T38: =N38+P38+R38 -> 0
B39: 00290 | C39: 29 | D39: საკრედიტო ვალდებულებათა დაზღვევა | K39: =E39+G39+I39 -> 0 | L39: =F39+H39+J39 -> 0 | S39: =M39+O39+Q39 -> 0 | T39: =N39+P39+R39 -> 0
B40: 00300 | C40: 30 | D40: სამოქალაქო პასუხისმგებლობის დაზღვევა (გარდა (00090), (00150), (00190) სტრიქონებში მითითებული პასუხისმგებლობისა): | E40: =SUM(E41:E43) -> 0 | F40: =SUM(F41:F43) -> 0 | G40: =SUM(G41:G43) -> 0 | H40: =SUM(H41:H43) -> 0 | I40: =SUM(I41:I43) -> 0 | J40: =SUM(J41:J43) -> 0 | K40: =E40+G40+I40 -> 0 | L40: =F40+H40+J40 -> 0 | M40: =SUM(M41:M43) -> 0 | N40: =SUM(N41:N43) -> 0 | O40: =SUM(O41:O43) -> 0 | P40: =SUM(P41:P43) -> 0 | Q40: =SUM(Q41:Q43) -> 0 | R40: =SUM(R41:R43) -> 0 | S40: =M40+O40+Q40 -> 0 | T40: =N40+P40+R40 -> 0
B41: 00310 | C41: 31 | D41: პროფესიული პასუხისმგებლობის დაზღვევა | K41: =E41+G41+I41 -> 0 | L41: =F41+H41+J41 -> 0 | S41: =M41+O41+Q41 -> 0 | T41: =N41+P41+R41 -> 0
B42: 00320 | C42: 32 | D42: დამქირავებლის პასუხისმგებლობის დაზღვევა | K42: =E42+G42+I42 -> 0 | L42: =F42+H42+J42 -> 0 | S42: =M42+O42+Q42 -> 0 | T42: =N42+P42+R42 -> 0
B43: 00330 | C43: 33 | D43: სხვა სახის პასუხისმგებლობის დაზღვევა | K43: =E43+G43+I43 -> 0 | L43: =F43+H43+J43 -> 0 | S43: =M43+O43+Q43 -> 0 | T43: =N43+P43+R43 -> 0
B44: 00340 | C44: 34 | D44: იურიდიული ხარჯების დაზღვევა | K44: =E44+G44+I44 -> 0 | L44: =F44+H44+J44 -> 0 | S44: =M44+O44+Q44 -> 0 | T44: =N44+P44+R44 -> 0
B45: 00350 | C45: სულ მოზიდული პრემია, ჯამური (1+2+5+6+9+13+14+15+18+19+22+23+24+25+29+30+34) | E45: =E11+E12+E15+E16+E19+E23+E24+E25+E28+E29+E32+E33+E34+E35+E39+E40+E44 -> 0 | F45: =F11+F12+F15+F16+F19+F23+F24+F25+F28+F29+F32+F33+F34+F35+F39+F40+F44 -> 0 | G45: =G11+G12+G15+G16+G19+G23+G24+G25+G28+G29+G32+G33+G34+G35+G39+G40+G44 -> 0 | H45: =H11+H12+H15+H16+H19+H23+H24+H25+H28+H29+H32+H33+H34+H35+H39+H40+H44 -> 0 | I45: =I11+I12+I15+I16+I19+I23+I24+I25+I28+I29+I32+I33+I34+I35+I39+I40+I44 -> 0 | J45: =J11+J12+J15+J16+J19+J23+J24+J25+J28+J29+J32+J33+J34+J35+J39+J40+J44 -> 0 | K45: =K11+K12+K15+K16+K19+K23+K24+K25+K28+K29+K32+K33+K34+K35+K39+K40+K44 -> 0 | L45: =L11+L12+L15+L16+L19+L23+L24+L25+L28+L29+L32+L33+L34+L35+L39+L40+L44 -> 0 | ... T45: =T11+T12+T15+T16+T19+T23+T24+T25+T28+T29+T32+T33+T34+T35+T39+T40+T44 -> 0
C53: წლის დასაწყისიდან საანგარიშო პერიოდის ბოლომდე გადამზღვეველთან გაფორმებული ხელშეკრულებების რაოდენობა და გადაზღვევის პრემიის ოდენობა (სადაზღვევო საქმიანობა) | S53: ფორმა N4 (ნაწილი II)
C54: N | D54: დაზღვევის სახეობა | E54: არასიცოცხლე - საანგარიშო პერიოდი | M54: არასიცოცხლე - გასული წლის შესაბამისი პერიოდი
E55: რაოდენობა | I55: ოდენობა | M55: რაოდენობა | Q55: ოდენობა
E56: I | I56: II | M56: III | Q56: IV
B57: 00360 | C57: 1 | D57: სამოგზაურო დაზღვევა
B58: 00370 | C58: 2 | D58: დაზღვევა უბედური შემთხვევებისაგან: | E58: =SUM(E59:H60) -> 0 | I58: =SUM(I59:L60) -> 0 | M58: =SUM(M59:P60) -> 0 | Q58: =SUM(Q59:T60) -> 0
B59: 00380 | C59: 3 | D59: დაზღვევა უბედური შემთხვევებისაგან
B60: 00390 | C60: 4 | D60: მგზავრების, მძღოლის ან ეკიპაჟის დაზღვევა უბედური შემთხვევებისაგან
B61: 00400 | C61: 5 | D61: სამედიცინო (ჯანმრთელობის) დაზღვევა
B62: 00410 | C62: 6 | D62: სახმელეთო სატრანსპორტო საშუალებათა დაზღვევა (გარდა სარკინიგზო ტრანსპორტისა): | E62: =SUM(E63:H64) -> 0 | I62: =SUM(I63:L64) -> 0 | M62: =SUM(M63:P64) -> 0 | Q62: =SUM(Q63:T64) -> 0
B63: 00420 | C63: 7 | D63: სახმელეთო ავტოსატრანსპორტო საშუალებათა დაზღვევა (ავტოკასკო)
B64: 00430 | C64: 8 | D64: სხვა სახმელეთო სატრანსპორტო საშუალებათა დაზღვევა
B65: 00440 | C65: 9 | D65: სახმელეთო ტრანსპორტის გამოყენებასთან დაკავშირებული სამოქალაქო პასუხისმგებლობის დაზღვევა: | E65: =SUM(E66:H68) -> 0 | I65: =SUM(I66:L68) -> 0 | M65: =SUM(M66:P68) -> 0 | Q65: =SUM(Q66:T68) -> 0
B66: 00450 | C66: 10 | D66: ავტომოტოტრანსპორტის მფლობელთა სამოქალაქო პასუხისმგებლობის სავალდებულო დაზღვევა
B67: 00460 | C67: 11 | D67: სახმელეთო ტრანსპორტის გამოყენებასთან დაკავშირებული სამოქალაქო პასუხისმგებლობის დაზღვევა
B68: 00470 | C68: 12 | D68: სახმელეთო გადამზიდველის სამოქალაქო პასუხისმგებლობის დაზღვევა
B69: 00480 | C69: 13 | D69: სარკინიგზო სატრანსპორტო საშუალებათა დაზღვევა
B70: 00490 | C70: 14 | D70: საჰაერო სატრანსპორტო საშუალებათა დაზღვევა (კორპუსის დაზღვევა)
B71: 00500 | C71: 15 | D71: საჰაერო სატრანსპორტო საშუალებათა გამოყენებასთან დაკავშირებული პასუხისმგებლობის დაზღვევა: | E71: =SUM(E72:H73) -> 0 | I71: =SUM(I72:L73) -> 0 | M71: =SUM(M72:P73) -> 0 | Q71: =SUM(Q72:T73) -> 0
B72: 00510 | C72: 16 | D72: საჰაერო გადამზიდველის პასუხისმგებლობის დაზღვევა
B73: 00520 | C73: 17 | D73: სხვა პასუხისმგებლობის დაზღვევა, რომელიც დაკავშირებულია საჰაერო ტრანსპორტის გამოყენებასთან
B74: 00530 | C74: 18 | D74: მცურავი სატრანსპორტო საშუალებების დაზღვევა (კორპუსის დაზღვევა)
B75: 00540 | C75: 19 | D75: მცურავ სატრანსპორტო საშუალებათა გამოყენებასთან დაკავშირებული პასუხისმგებლობის დაზღვევა: | E75: =SUM(E76:H77) -> 0 | I75: =SUM(I76:L77) -> 0 | M75: =SUM(M76:P77) -> 0 | Q75: =SUM(Q76:T77) -> 0
B76: 00550 | C76: 20 | D76: საზღვაო გადამზიდველის პასუხისმგებლობის დაზღვევა
B77: 00560 | C77: 21 | D77: სხვა პასუხისმგებლობის დაზღვევა, რომელიც დაკავშირებულია მცურავი ტრანსპორტის გამოყენებასთან
B78: 00570 | C78: 22 | D78: ტვირთების დაზღვევა
B79: 00580 | C79: 23 | D79: ქონების დაზღვევა (გარდა (00410), (00480), (00490), (00530), (00570) სტრიქონებში მითითებული ქონებისა)
B80: 00590 | C80: 24 | D80: დაზღვევა საფინანსო დანაკარგებისაგან
B81: 00600 | C81: 25 | D81: ვალდებულებათა შესრულების დაზღვევა | E81: =SUM(E82:H84) -> 0 | I81: =SUM(I82:L84) -> 0 | M81: =SUM(M82:P84) -> 0 | Q81: =SUM(Q82:T84) -> 0
B82: 00610 | C82: 26 | D82: საბაჟო ვალდებულებების შესრულების გარანტიები/ფინანსური რისკის დაზღვევის პოლისები
B83: 00620 | C83: 27 | D83: სახელმწიფო შესყიდვებთან დაკავშირებული გარანტიები
B84: 00630 | C84: 28 | D84: სხვა სახის გარანტიები
B85: 00640 | C85: 29 | D85: საკრედიტო ვალდებულებათა დაზღვევა
B86: 00650 | C86: 30 | D86: სამოქალაქო პასუხისმგებლობის დაზღვევა (გარდა (00440), (00500), (00540) სტრიქონებში მითითებული პასუხისმგებლობისა): | E86: =SUM(E87:H89) -> 0 | I86: =SUM(I87:L89) -> 0 | M86: =SUM(M87:P89) -> 0 | Q86: =SUM(Q87:T89) -> 0
B87: 00660 | C87: 31 | D87: პროფესიული პასუხისმგებლობის დაზღვევა
B88: 00670 | C88: 32 | D88: დამქირავებლის პასუხისმგებლობის დაზღვევა
B89: 00680 | C89: 33 | D89: სხვა სახის პასუხისმგებლობის დაზღვევა
B90: 00690 | C90: 34 | D90: იურიდიული ხარჯების დაზღვევა
B91: 00700 | C91: სულ გადაზღვევის პრემია, ჯამური (1+2+5+6+9+13+14+15+18+19+22+23+24+25+29+30+34) | E91: =E57+E58+E61+E62+E65+E69+E70+E71+E74+E75+E78+E79+E80+E81+E85+E86+E90 -> 0 | I91: =I57+I58+I61+I62+I65+I69+I70+I71+I74+I75+I78+I79+I80+I81+I85+I86+I90 -> 0 | M91: =M57+M58+M61+M62+M65+M69+M70+M71+M74+M75+M78+M79+M80+M81+M85+M86+M90 -> 0 | Q91: =Q57+Q58+Q61+Q62+Q65+Q69+Q70+Q71+Q74+Q75+Q78+Q79+Q80+Q81+Q85+Q86+Q90 -> 0
C100: წლის დასაწყისიდან საანგარიშო პერიოდის ბოლომდე ანაზღაურებული ზარალების რაოდენობა და ოდენობა (სადაზღვევო საქმიანობა) | S100: ფორმა N4 (ნაწილი III)
C101: N | D101: დაზღვევის სახეობა | E101: არასიცოცხლე - საანგარიშო პერიოდი | M101: არასიცოცხლე - გასული წლის შესაბამისი პერიოდი
E102: კორპორატიული | G102: საცალო | I102: სახელმწიფო | K102: სულ | M102: კორპორატიული | O102: საცალო | Q102: სახელმწიფო | S102: სულ
E103: რაოდენობა | F103: ოდენობა | G103: რაოდენობა | H103: ოდენობა | I103: რაოდენობა | J103: ოდენობა | K103: რაოდენობა (I+III+V) | L103: ოდენობა (II+IV+VI) | M103: რაოდენობა | N103: ოდენობა | O103: რაოდენობა | P103: ოდენობა | Q103: რაოდენობა | R103: ოდენობა | S103: რაოდენობა (IX+XI+XIII) | T103: ოდენობა (X+XII+XIV)
E104: I | F104: II | G104: III | H104: IV | I104: V | J104: VI | K104: VII | L104: VIII | M104: IX | N104: X | O104: XI | P104: XII | Q104: XIII | R104: XIV | S104: XV | T104: XVI
B105: 00710 | C105: 1 | D105: სამოგზაურო დაზღვევა | K105: =E105+G105+I105 -> 0 | L105: =F105+H105+J105 -> 0 | S105: =M105+O105+Q105 -> 0 | T105: =N105+P105+R105 -> 0
B106: 00720 | C106: 2 | D106: დაზღვევა უბედური შემთხვევებისაგან: | E106: =SUM(E107:E108) -> 0 | F106: =SUM(F107:F108) -> 0 | G106: =SUM(G107:G108) -> 0 | H106: =SUM(H107:H108) -> 0 | I106: =SUM(I107:I108) -> 0 | J106: =SUM(J107:J108) -> 0 | K106: =E106+G106+I106 -> 0 | L106: =F106+H106+J106 -> 0 | M106: =SUM(M107:M108) -> 0 | N106: =SUM(N107:N108) -> 0 | O106: =SUM(O107:O108) -> 0 | P106: =SUM(P107:P108) -> 0 | Q106: =SUM(Q107:Q108) -> 0 | R106: =SUM(R107:R108) -> 0 | S106: =M106+O106+Q106 -> 0 | T106: =N106+P106+R106 -> 0
B107: 00730 | C107: 3 | D107: დაზღვევა უბედური შემთხვევებისაგან | K107: =E107+G107+I107 -> 0 | L107: =F107+H107+J107 -> 0 | S107: =M107+O107+Q107 -> 0 | T107: =N107+P107+R107 -> 0
B108: 00740 | C108: 4 | D108: მგზავრების, მძღოლის ან ეკიპაჟის დაზღვევა უბედური შემთხვევებისაგან | K108: =E108+G108+I108 -> 0 | L108: =F108+H108+J108 -> 0 | S108: =M108+O108+Q108 -> 0 | T108: =N108+P108+R108 -> 0
B109: 00750 | C109: 5 | D109: სამედიცინო (ჯანმრთელობის) დაზღვევა | K109: =E109+G109+I109 -> 0 | L109: =F109+H109+J109 -> 0 | S109: =M109+O109+Q109 -> 0 | T109: =N109+P109+R109 -> 0
B110: 00760 | C110: 6 | D110: სახმელეთო სატრანსპორტო საშუალებათა დაზღვევა (გარდა სარკინიგზო ტრანსპორტისა): | E110: =SUM(E111:E112) -> 0 | F110: =SUM(F111:F112) -> 0 | G110: =SUM(G111:G112) -> 0 | H110: =SUM(H111:H112) -> 0 | I110: =SUM(I111:I112) -> 0 | J110: =SUM(J111:J112) -> 0 | K110: =E110+G110+I110 -> 0 | L110: =F110+H110+J110 -> 0 | M110: =SUM(M111:M112) -> 0 | N110: =SUM(N111:N112) -> 0 | O110: =SUM(O111:O112) -> 0 | P110: =SUM(P111:P112) -> 0 | Q110: =SUM(Q111:Q112) -> 0 | R110: =SUM(R111:R112) -> 0 | S110: =M110+O110+Q110 -> 0 | T110: =N110+P110+R110 -> 0
B111: 00770 | C111: 7 | D111: სახმელეთო ავტოსატრანსპორტო საშუალებათა დაზღვევა (ავტოკასკო) | K111: =E111+G111+I111 -> 0 | L111: =F111+H111+J111 -> 0 | S111: =M111+O111+Q111 -> 0 | T111: =N111+P111+R111 -> 0
B112: 00780 | C112: 8 | D112: სხვა სახმელეთო სატრანსპორტო საშუალებათა დაზღვევა | K112: =E112+G112+I112 -> 0 | L112: =F112+H112+J112 -> 0 | S112: =M112+O112+Q112 -> 0 | T112: =N112+P112+R112 -> 0
B113: 00790 | C113: 9 | D113: სახმელეთო ტრანსპორტის გამოყენებასთან დაკავშირებული სამოქალაქო პასუხისმგებლობის დაზღვევა: | E113: =SUM(E114:E116) -> 0 | F113: =SUM(F114:F116) -> 0 | G113: =SUM(G114:G116) -> 0 | H113: =SUM(H114:H116) -> 0 | I113: =SUM(I114:I116) -> 0 | J113: =SUM(J114:J116) -> 0 | K113: =E113+G113+I113 -> 0 | L113: =F113+H113+J113 -> 0 | M113: =SUM(M114:M116) -> 0 | N113: =SUM(N114:N116) -> 0 | O113: =SUM(O114:O116) -> 0 | P113: =SUM(P114:P116) -> 0 | Q113: =SUM(Q114:Q116) -> 0 | R113: =SUM(R114:R116) -> 0 | S113: =M113+O113+Q113 -> 0 | T113: =N113+P113+R113 -> 0
B114: 00800 | C114: 10 | D114: ავტომოტოტრანსპორტის მფლობელთა სამოქალაქო პასუხისმგებლობის სავალდებულო დაზღვევა | K114: =E114+G114+I114 -> 0 | L114: =F114+H114+J114 -> 0 | S114: =M114+O114+Q114 -> 0 | T114: =N114+P114+R114 -> 0
B115: 00810 | C115: 11 | D115: სახმელეთო ტრანსპორტის გამოყენებასთან დაკავშირებული სამოქალაქო პასუხისმგებლობის დაზღვევა | K115: =E115+G115+I115 -> 0 | L115: =F115+H115+J115 -> 0 | S115: =M115+O115+Q115 -> 0 | T115: =N115+P115+R115 -> 0
B116: 00820 | C116: 12 | D116: სახმელეთო გადამზიდველის სამოქალაქო პასუხისმგებლობის დაზღვევა | K116: =E116+G116+I116 -> 0 | L116: =F116+H116+J116 -> 0 | S116: =M116+O116+Q116 -> 0 | T116: =N116+P116+R116 -> 0
B117: 00830 | C117: 13 | D117: სარკინიგზო სატრანსპორტო საშუალებათა დაზღვევა | K117: =E117+G117+I117 -> 0 | L117: =F117+H117+J117 -> 0 | S117: =M117+O117+Q117 -> 0 | T117: =N117+P117+R117 -> 0
...

Sheet P&C(L)
B1: მზღვეველი: | T1: ფორმა N5
B2: ანგარიშგების პერიოდი:
C4: სადაზღვევო პრემიებისა და ზარალების ანალიზი (სიცოცხლის დაზღვევა)
C6: წლის დასაწყისიდან საანგარიშო პერიოდის ბოლომდე გაფორმებული სადაზღვევო პოლისების რაოდენობა და მოზიდული პრემიის ოდენობა (სადაზღვევო საქმიანობა) | S6: ფორმა N5 (ნაწილი I)
B7: სტრიქონის კოდი | C7: N | D7: დაზღვევის სახეობა | E7: სიცოცხლე - საანგარიშო პერიოდი | M7: სიცოცხლე - გასული წლის შესაბამისი პერიოდი
E8: კორპორატიული | G8: საცალო | I8: სახელმწიფო | K8: სულ | M8: კორპორატიული | O8: საცალო | Q8: სახელმწიფო | S8: სულ
E9: რაოდენობა | F9: ოდენობა | G9: რაოდენობა | H9: ოდენობა | I9: რაოდენობა | J9: ოდენობა | K9: რაოდენობა (I+III+V) | L9: ოდენობა (II+IV+VI) | M9: რაოდენობა | N9: ოდენობა | O9: რაოდენობა | P9: ოდენობა | Q9: რაოდენობა | R9: ოდენობა | S9: რაოდენობა (IX+XI+XIII) | T9: ოდენობა (X+XII+XIV)
E10: I | F10: II | G10: III | H10: IV | I10: V | J10: VI | K10: VII | L10: VIII | M10: IX | N10: X | O10: XI | P10: XII | Q10: XIII | R10: XIV | S10: XV | T10: XVI
B11: 00010 | C11: 1 | D11: სიცოცხლის ვადიანი დაზღვევა | K11: =E11+G11+I11 -> 0 | L11: =F11+H11+J11 -> 0 | S11: =M11+O11+Q11 -> 0 | T11: =N11+P11+R11 -> 0
B12: 00020 | C12: 2 | D12: სიცოცხლის უვადო დაზღვევა | K12: =E12+G12+I12 -> 0 | L12: =F12+H12+J12 -> 0 | S12: =M12+O12+Q12 -> 0 | T12: =N12+P12+R12 -> 0
B13: 00030 | C13: 3 | D13: სიცოცხლის დაზღვევის მაგროვებადი და დაბრუნებადი სახეობები | K13: =E13+G13+I13 -> 0 | L13: =F13+H13+J13 -> 0 | S13: =M13+O13+Q13 -> 0 | T13: =N13+P13+R13 -> 0
B14: 00040 | C14: 4 | D14: სიცოცხლის დაზღვევის სხვა ფორმები | K14: =E14+G14+I14 -> 0 | L14: =F14+H14+J14 -> 0 | S14: =M14+O14+Q14 -> 0 | T14: =N14+P14+R14 -> 0
B15: 00050 | C15: სულ მოზიდული პრემია, ჯამური (1+2+3+4) | E15: =SUM(E11:E14) -> 0 | F15: =SUM(F11:F14) -> 0 | G15: =SUM(G11:G14) -> 0 | H15: =SUM(H11:H14) -> 0 | I15: =SUM(I11:I14) -> 0 | J15: =SUM(J11:J14) -> 0 | K15: =SUM(K11:K14) -> 0 | L15: =SUM(L11:L14) -> 0 | ... T15: =SUM(T11:T14) -> 0
C18: წლის დასაწყისიდან საანგარიშო პერიოდის ბოლომდე გადამზღვეველთან გაფორმებული ხელშეკრულებების რაოდენობა და გადაზღვევის პრემიის ოდენობა (სადაზღვევო საქმიანობა) | S18: ფორმა N5 (ნაწილი II)
C19: N | D19: დაზღვევის სახეობა | E19: სიცოცხლე - საანგარიშო პერიოდი | M19: სიცოცხლე - გასული წლის შესაბამისი პერიოდი
E20: რაოდენობა | I20: ოდენობა | M20: რაოდენობა | Q20: ოდენობა
E21: I | I21: II | M21: III | Q21: IV
B22: 00060 | C22: 1 | D22: სიცოცხლის ვადიანი დაზღვევა
B23: 00070 | C23: 2 | D23: სიცოცხლის უვადო დაზღვევა
B24: 00080 | C24: 3 | D24: სიცოცხლის დაზღვევის მაგროვებადი და დაბრუნებადი სახეობები
B25: 00090 | C25: 4 | D25: სიცოცხლის დაზღვევის სხვა ფორმები
B26: 00100 | C26: სულ გადაზღვევის პრემია, ჯამური (1+2+3+4) | E26: =SUM(E22:H25) -> 0 | I26: =SUM(I22:L25) -> 0 | M26: =SUM(M22:P25) -> 0 | Q26: =SUM(Q22:T25) -> 0
C29: წლის დასაწყისიდან საანგარიშო პერიოდის ბოლომდე ანაზღაურებული ზარალების რაოდენობა და ოდენობა (სადაზღვევო საქმიანობა) | S29: ფორმა N5 (ნაწილი III)
C30: N | D30: დაზღვევის სახეობა | E30: სიცოცხლე - საანგარიშო პერიოდი | M30: სიცოცხლე - გასული წლის შესაბამისი პერიოდი
E31: კორპორატიული | G31: საცალო | I31: სახელმწიფო | K31: სულ (I+II+III) | M31: კორპორატიული | O31: საცალო | Q31: სახელმწიფო | S31: სულ
E32: რაოდენობა | F32: ოდენობა | G32: რაოდენობა | H32: ოდენობა | I32: რაოდენობა | J32: ოდენობა | K32: რაოდენობა (I+III+V) | L32: ოდენობა (II+IV+VI) | M32: რაოდენობა | N32: ოდენობა | O32: რაოდენობა | P32: ოდენობა | Q32: რაოდენობა | R32: ოდენობა | S32: რაოდენობა (IX+XI+XIII) | T32: ოდენობა (X+XII+XIV)
E33: I | F33: II | G33: III | H33: IV | I33: V | J33: VI | K33: VII | L33: VIII | M33: IX | N33: X | O33: XI | P33: XII | Q33: XIII | R33: XIV | S33: XV | T33: XVI
B34: 00110 | C34: 1 | D34: სიცოცხლის ვადიანი დაზღვევა | K34: =E34+G34+I34 -> 0 | L34: =F34+H34+J34 -> 0 | S34: =M34+O34+Q34 -> 0 | T34: =N34+P34+R34 -> 0
B35: 00120 | C35: 2 | D35: სიცოცხლის უვადო დაზღვევა | K35: =E35+G35+I35 -> 0 | L35: =F35+H35+J35 -> 0 | S35: =M35+O35+Q35 -> 0 | T35: =N35+P35+R35 -> 0
B36: 00130 | C36: 3 | D36: სიცოცხლის დაზღვევის მაგროვებადი და დაბრუნებადი სახეობები | K36: =E36+G36+I36 -> 0 | L36: =F36+H36+J36 -> 0 | S36: =M36+O36+Q36 -> 0 | T36: =N36+P36+R36 -> 0
B37: 00140 | C37: 4 | D37: სიცოცხლის დაზღვევის სხვა ფორმები | K37: =E37+G37+I37 -> 0 | L37: =F37+H37+J37 -> 0 | S37: =M37+O37+Q37 -> 0 | T37: =N37+P37+R37 -> 0
B38: 00150 | C38: სულ ანაზღაურებული ზარალები (1+2+3+4) | E38: =SUM(E34:E37) -> 0 | F38: =SUM(F34:F37) -> 0 | G38: =SUM(G34:G37) -> 0 | H38: =SUM(H34:H37) -> 0 | I38: =SUM(I34:I37) -> 0 | J38: =SUM(J34:J37) -> 0 | K38: =SUM(K34:K37) -> 0 | L38: =SUM(L34:L37) -> 0 | ... T38: =SUM(T34:T37) -> 0
C41: წლის დასაწყისიდან საანგარიშო პერიოდის ბოლომდე ანაზღაურებულ ზარალებში გადამზღვევლის წილის ოდენობა (სადაზღვევო საქმიანობა) | S41: ფორმა N5 (ნაწილი IV)
C42: N | D42: დაზღვევის სახეობა | E42: სიცოცხლე - საანგარიშო პერიოდი | M42: სიცოცხლე - გასული წლის შესაბამისი პერიოდი
E43: ოდენობა | K43: სულ ოდენობა (I+II+III) | M43: კორპორატიული | O43: საცალო | Q43: სახელმწიფო | S43: სულ ოდენობა (V+VI+VII)
E44: კორპორატიული | G44: საცალო | I44: სახელმწიფო | M44: ოდენობა | O44: ოდენობა | Q44: ოდენობა
E45: I | G45: II | I45: III | K45: IV | M45: V | O45: VI | Q45: VII | S45: VIII
B46: 00160 | C46: 1 | D46: სიცოცხლის ვადიანი დაზღვევა | K46: =E46+G46+I46 -> 0 | S46: =M46+O46+Q46 -> 0
B47: 00170 | C47: 2 | D47: სიცოცხლის უვადო დაზღვევა | K47: =E47+G47+I47 -> 0 | S47: =M47+O47+Q47 -> 0
B48: 00180 | C48: 3 | D48: სიცოცხლის დაზღვევის მაგროვებადი და დაბრუნებადი სახეობები | K48: =E48+G48+I48 -> 0 | S48: =M48+O48+Q48 -> 0
B49: 00190 | C49: 4 | D49: სიცოცხლის დაზღვევის სხვა ფორმები | K49: =E49+G49+I49 -> 0 | S49: =M49+O49+Q49 -> 0
B50: 00200 | C50: სულ გადაზღვევის წილი ანაზღაურებულ ზარალებში (1+2+3+4) | E50: =SUM(E46:F49) -> 0 | G50: =SUM(G46:H49) -> 0 | I50: =SUM(I46:J49) -> 0 | K50: =SUM(K46:L49) -> 0 | M50: =SUM(M46:N49) -> 0 | O50: =SUM(O46:P49) -> 0 | Q50: =SUM(Q46:R49) -> 0 | S50: =SUM(S46:T49) -> 0
C61: წლის დასაწყისიდან საანგარიშო პერიოდის ბოლომდე ცედენტებთან გაფორმებული გადაზღვევის ხელშეკრულებების რაოდენობა და მოზიდული პრემიის ოდენობა (გადაზღვევის საქმიანობა) | S61: ფორმა N5 (ნაწილი V)
C62: N | D62: დაზღვევის სახეობა | E62: სიცოცხლე - საანგარიშო პერიოდი | M62: სიცოცხლე - გასული წლის შესაბამისი პერიოდი
E63: რაოდენობა | I63: ოდენობა | M63: რაოდენობა | Q63: ოდენობა
E64: I | I64: II | M64: III | Q64: IV
B65: 00210 | C65: 1 | D65: სიცოცხლის ვადიანი დაზღვევა
B66: 00220 | C66: 2 | D66: სიცოცხლის უვადო დაზღვევა
B67: 00230 | C67: 3 | D67: სიცოცხლის დაზღვევის მაგროვებადი და დაბრუნებადი სახეობები
B68: 00240 | C68: 4 | D68: სიცოცხლის დაზღვევის სხვა ფორმები
B69: 00250 | C69: სულ გადაზღვევის პრემია, ჯამური (1+2+3+4) | E69: =SUM(E65:H68) -> 0 | I69: =SUM(I65:L68) -> 0 | M69: =SUM(M65:P68) -> 0 | Q69: =SUM(Q65:T68) -> 0
C72: წლის დასაწყისიდან საანგარიშო პერიოდის ბოლომდე გადამზღვეველთან/რეტროცესიონერთან გაფორმებული ხელშეკრულებების რაოდენობა და გადაზღვევის პრემიის ოდენობა (გადაზღვევის საქმიანობა) | S72: ფორმა N5 (ნაწილი VI)
C73: N | D73: დაზღვევის სახეობა | E73: სიცოცხლე - საანგარიშო პერიოდი | M73: სიცოცხლე - გასული წლის შესაბამისი პერიოდი
E74: რაოდენობა | I74: ოდენობა | M74: რაოდენობა | Q74: ოდენობა
E75: I | I75: II | M75: III | Q75: IV
B76: 00260 | C76: 1 | D76: სიცოცხლის ვადიანი დაზღვევა
B77: 00270 | C77: 2 | D77: სიცოცხლის უვადო დაზღვევა
B78: 00280 | C78: 3 | D78: სიცოცხლის დაზღვევის მაგროვებადი და დაბრუნებადი სახეობები
B79: 00290 | C79: 4 | D79: სიცოცხლის დაზღვევის სხვა ფორმები
B80: 00300 | C80: სულ გადაზღვევის პრემია, ჯამური (1+2+3+4) | E80: =SUM(E76:H79) -> 0 | I80: =SUM(I76:L79) -> 0 | M80: =SUM(M76:P79) -> 0 | Q80: =SUM(Q76:T79) -> 0
C83: წლის დასაწყისიდან საანგარიშო პერიოდის ბოლომდე ანაზღაურებული ზარალების რაოდენობა და ოდენობა (გადაზღვევის საქმიანობა) | S83: ფორმა N5 (ნაწილი VII)
C84: N | D84: დაზღვევის სახეობა | E84: სიცოცხლე - საანგარიშო პერიოდი | M84: სიცოცხლე - გასული წლის შესაბამისი პერიოდი
E85: რაოდენობა | I85: ოდენობა | M85: რაოდენობა | Q85: ოდენობა
E86: I | I86: II | M86: III | Q86: IV
B87: 00310 | C87: 1 | D87: სიცოცხლის ვადიანი დაზღვევა
B88: 00320 | C88: 2 | D88: სიცოცხლის უვადო დაზღვევა
B89: 00330 | C89: 3 | D89: სიცოცხლის დაზღვევის მაგროვებადი და დაბრუნებადი სახეობები
B90: 00340 | C90: 4 | D90: სიცოცხლის დაზღვევის სხვა ფორმები
B91: 00350 | C91: სულ გადაზღვევის პრემია, ჯამური (1+2+3+4) | E91: =SUM(E87:H90) -> 0 | I91: =SUM(I87:L90) -> 0 | M91: =SUM(M87:P90) -> 0 | Q91: =SUM(Q87:T90) -> 0
C94: წლის დასაწყისიდან საანგარიშო პერიოდის ბოლომდე ანაზღაურებულ ზარალებში გადამზღვევლის წილის ოდენობა (გადაზღვევის საქმიანობა) | S94: ფორმა N5 (ნაწილი VIII)
C95: N | D95: დაზღვევის სახეობა | E95: სიცოცხლე - საანგარიშო პერიოდი | M95: სიცოცხლე - გასული წლის შესაბამისი პერიოდი
E96: ოდენობა | M96: ოდენობა
E97: I | M97: II
B98: 00360 | C98: 1 | D98: სიცოცხლის ვადიანი დაზღვევა
B99: 00370 | C99: 2 | D99: სიცოცხლის უვადო დაზღვევა
B100: 00380 | C100: 3 | D100: სიცოცხლის დაზღვევის მაგროვებადი და დაბრუნებადი სახეობები
B101: 00390 | C101: 4 | D101: სიცოცხლის დაზღვევის სხვა ფორმები
B102: 00400 | C102: სულ გადაზღვევის პრემია, ჯამური (1+2+3+4) | E102: =SUM(E98:L101) -> 0 | M102: =SUM(M98:T101) -> 0

Sheet CF
A1: მზღვეველი | D1: ფორმა № 6 (CF)
A3: თარიღი:
A5: CF | B5: ფულადი სახსრების მოძრაობის უწყისი (პირდაპირი მეთოდით)
C6: ლარებში
C7: საანგარიშო პერიოდი | D7: გასული წლის შესაბამისი პერიოდი
A8: ფულადი სახსრების მოძრაობა საოპერაციო საქმიანობიდან
A9: 1 | B9: ფულადი ნაკადების შემოდინება საოპერაციო საქმიანობიდან: | C9: =SUM(C10:C18) -> 0 | D9: =SUM(D10:D18) -> 0
A10: 10001 | B10: - შემოდინება სადაზღვევო პრემია
A11: 10002 | B11: - შემოდინება გადაზღვევიდან კუთვნილი საკომისიო
A12: 10003 | B12: - შემოდინება გადამზღვეველის მიერ ანაზღაურებული ზარალები
A13: 10004 | B13: - შემოდინება გადაზღვევიდან სხვა შემოსავლებისა და ბენეფიტების მიხედვით
A14: 10005 | B14: - შემოდინება რეგრესიდან
A15: 10006 | B15: - შემოდინება გადარჩენილი ქონების რეალიზაციიდან
A16: 10007 | B16: - შემოდინება საიჯარო გადასახდელები
A17: 10008 | B17: - შემოდინება სხვა საოპერაციო შემოსავლებიდან
A18: 10009 | B18: - შემოდინება სხვა:
A19: 2 | B19: ფულადი ნაკადების გადინება საოპერაციო საქმიანობიდან: | C19: =SUM(C20:C51) -> 0 | D19: =SUM(D20:D51) -> 0
A20: 20001 | B20: - გადინება გადაზღვევის პრემის მიხედვით
A21: 20002 | B21: - გადინება სადაზღვევო ზარალების მიხედვით
A22: 20003 | B22: - გადინება ცედენტის საკომისიოს მიხედვით
A23: 20004 | B23: - გადინება ბროკერის საკომისიოს მიხედვით
A24: 20005 | B24: - გადინება აგენტის საკომისიოს მიხედვით
A25: 20006 | B25: - გადინება სხვა აკვიზიციური ხარჯების მიხედვით
A26: 20007 | B26: - გადინება ხელფასები და სხვა განაცემების მიხედვით
A27: 20008 | B27: - გადინება პერსონალის ტრეინინგის ხარჯების მიხედვით
A28: 20009 | B28: - გადინება მომწოდებლებზე და მომსახურების გამწევთათვის
A29: 20010 | B29: - გადინება საშემოსავლო გადასახადების მიხედვით
A30: 20011 | B30: - გადინება მოგების გადასახადის მიხედვით
A31: 20012 | B31: - გადინება დღგ- ის მიხედვით
... A51: 20032 | B51: - გადინება სხვა საოპერაციო ხარჯების მიხედვით
A52: 3 | B52: წმინდა ფულადი სახსრები საოპერაციო საქმიანობიდან | C52: =C9-C19 -> 0 | D52: =D9-D19 -> 0
A53: ფულადი სახსრების მოძრაობა საინვესტიციო საქმიანობიდან
A54: 4 | B54: ფულადი ნაკადების შემოდინება საინვესტიციო საქმიანობიდან: | C54: =SUM(C55:C67) -> 0 | D54: =SUM(D55:D67) -> 0
A55: 40001 | B55: - შემოდინება აქციების (შეძენილი) რეალიზაციით
A56: 40002 | B56: - შემოდინება შვილობილი და მეკავშირე კომპანიის რეალიზაციით
A57: 40003 | B57: - შემოდინება ძირითადი საშუალებების რეალიზაციით
A58: 40004 | B58: - შემოდინება საინვესტიციო ქონების რეალიზაციით
A59: 40005 | B59: - შემოდინება არამატერიალური აქტივების რეალიზაციით
A60: 40006 | B60: - შემოდინება გაცემული სესხის დაფარვით ( შვილობილი და მეკავშირე კომპანიიდან)
A61: 40007 | B61: - შემოდინება გაცემული სესხის დაფარვით (სხვა)
A62: 40008 | B62: - შემოდინება გაცემული სესხის პროცენტის დაფარვით (შვილობილი და მეკავშირე)
A63: 40009 | B63: - შემოდინება გაცემული სესხის პროცენტის დაფარვით (სხვა)
A64: 40010 | B64: - შემოდინება მიმდინარე ანგარიშებიდან დარიცხული პროცენტიდან
A65: 40011 | B65: - შემოდინება დეპოზიტებიდან დარიცხული პროცენტის მიხედვით
A66: 40012 | B66: - შემოდინება დივიდენდების მიხედვით
A67: 40013 | B67: - შემოდინება სხვა
A68: 5 | B68: ფულადი ნაკადების გადინება საინვესტიციო საქმიანობიდან: | C68: =SUM(C69:C76) -> 0 | D68: =SUM(D69:D76) -> 0
A69: 50001 | B69: - გადინება აქციების შესაძენად
A70: 50002 | B70: - გადინება შვილობილი და მეკავშირე კომპანიის შესაძენად
A71: 50003 | B71: - გადინება ძირითადი საშუალებების შესაძენად
A72: 50004 | B72: - გადინება საინვესტიციო ქონების შესაძენად
A73: 50005 | B73: - გადინება არამატერიალური აქტივების შესაძენად
A74: 50006 | B74: - გადინება გაცემული სესხის საფუძველზე (შვილობილი და მეკავშირე კომპანიიდან)
A75: 50007 | B75: - გადინება გაცემული სესხის საფუძველზე (სხვა)
A76: 50008 | B76: - გადინება სხვა
A77: 6 | B77: წმინდა ფულადი ნაკადები საინვესტიციო საქმიანობიდან | C77: =C54-C68 -> 0 | D77: =D54-D68 -> 0
A78: ფულადი სახსრების მოძრაობა ფინანსური საქმიანობიდან
A79: 7 | B79: ფულადი ნაკადების შემოდინება ფინანსური საქმიანობიდან: | C79: =SUM(C80:C82) -> 0 | D79: =SUM(D80:D82) -> 0
A80: 70001 | B80: - შემოდინება საკუთარი აქციების რეალიზაციით (საკუთარი კაპიტალის ემისია, წილის რეალიზაცია)
A81: 70002 | B81: - შემოდინება აღებული სესხის შედეგად
A82: 70003 | B82: - შემოდინება სხვა
A83: 8 | B83: ფულადი ნაკადების გადინება ფინანსური საქმიანობიდან: | C83: =SUM(C84:C88) -> 0 | D83: =SUM(D84:D88) -> 0
A84: 80001 | B84: - გადინება საკუთარი აქციების გამოსყიდვით
A85: 80002 | B85: - გადინება აღებული სესხის (ლიზინგის) დასაფარავად
A86: 80003 | B86: - გადინება აღებული სესხის (ლიზინგის) პროცენტის დასაფარავად
A87: 80004 | B87: - გადინება გაცემული დივიდენდებით
A88: 80005 | B88: - გადინება სხვა
A89: 9 | B89: წმინდა ფულადი ნაკადები ფინანსური საქმიანობიდან | C89: =C79-C83 -> 0 | D89: =D79-D83 -> 0
A90: 10 | B90: წმინდა ცვლილება ფულად სახსრებში და მათ ეკვივალენტებში | C90: =C52+C77+C89 -> 0 | D90: =D52+D77+D89 -> 0
A92: 11 | B92: შემოდინება საპენსიო სქემაში ჩართვის საფუძველზე
A93: 12 | B93: გადინება საპენსიო სქემიდან გასვლის საფუძველზე
A94: 13 | B94: ფულადი ნაკადები ნეტო საპენსიო სქემის შემოსავლებიდან (ხარჯებიდან)
A96: 14 | B96: ფულადი სახსრები და მათი ეკვივალენტები პერიოდის დასაწყისში, მათ შორის: | C96: =SUM(C97:C99) -> 0 | D96: =SUM(D97:D99) -> 0
A97: 14001 | B97: - ფულადი სახსრები და მათი ეკვივალენტები სალაროში
A98: 14002 | B98: - ფულადი სახსრები და მათი ეკვივალენტები მიმდინარე ანგარშებზე
A99: 14003 | B99: - ფულადი სახსრები და მათი ეკვივალენტები განთავსებულ დეპოზიტებზე
A100: 15 | B100: კურსთაშორისი სხვაობიდან მოგება(ზარალი) ფულსა და ფულად ეკვივალენტებზე
A102: 16 | B102: ფულადი სახსრები და მათი ეკვივალენტები პერიოდის ბოლოს, მათ შორის: | C102: =C96+C92-C93+C90+C100 -> 0 | D102: =D96+D90+D100 -> 0
A103: 16001 | B103: - ფულადი სახსრები და მათი ეკვივალენტები სალაროში
A104: 16002 | B104: - ფულადი სახსრები და მათი ეკვივალენტები მიმდინარე ანგარშებზე
A105: 16003 | B105: - ფულადი სახსრები და მათი ეკვივალენტები განთავსებულ დეპოზიტებზე
